Date,Reel_Clim,Pred_Clim,Reel_pPUE,Pred_pPUE,Erreur_Clim,Erreur_pPUE
2026-02-27 14:30:00,1.4425000000000003,1.4386979,1.0686904761904763,1.0685094254357475,0.0038020658493045367,0.0001810507547288509
2026-02-27 14:40:00,1.4470833333333335,1.4398371,1.0686363636363636,1.0685636713391258,0.007246235211690433,7.269229723783077e-05
2026-02-27 14:50:00,1.4462500000000003,1.4457642,1.0688690476190477,1.0685737952884478,0.0004858160018923474,0.0002952523305999044
2026-02-27 15:00:00,1.44625,1.4457642,1.0688690476190477,1.0688459135237194,0.00048581600189212537,2.3134095328281035e-05
2026-02-27 15:10:00,1.4470833333333335,1.4457642,1.0689087301587301,1.0688459135237194,0.001319149335225589,6.281663501073176e-05
2026-02-27 15:20:00,1.4470833333333337,1.444625,1.0689087301587301,1.068791667620341,0.0024583133061730766,0.00011706253838905667
2026-02-27 15:30:00,1.4975,1.4673985,1.0586296900489396,1.0698761202040172,0.03010147571563726,-0.011246430155077647
2026-02-27 15:40:00,1.584166666666667,1.5297745,1.0557478005865102,1.0598932938319046,0.054392120043436964,-0.004145493245394372
2026-02-27 15:50:00,2.9604166666666667,2.5429218,1.1040263543191802,1.0894869835146013,0.4174948851267497,0.0145393708045789
2026-02-27 16:00:00,3.462916666666666,3.2652555,1.12240058910162,1.1147381124873461,0.19766121546427362,0.007662476614273883
2026-02-27 16:10:00,3.5270833333333336,3.449695,1.127484939759036,1.121933258685869,0.07738822301228865,0.0055516810731670585
2026-02-27 16:20:00,3.556666666666668,3.6020293,1.127402985074627,1.1301938309726944,-0.045362656911212884,-0.00279084589806744
2026-02-27 16:30:00,3.5574999999999997,3.5900443,1.1270535714285714,1.1285986003591053,-0.03254426002502475,-0.001545028930533876
2026-02-27 16:40:00,3.547083333333334,3.5757358,1.1284012066365008,1.127704850264958,-0.02865247408548921,0.0006963563715427501
2026-02-27 16:50:00,3.582083333333333,3.5332916,1.1296681749622925,1.1279019575852613,0.04879175504048616,0.0017662173770311984
2026-02-27 17:00:00,3.6508333333333334,3.5858104,1.1315615615615615,1.1298030922315778,0.06502291043599451,0.0017584693299836918
2026-02-27 17:10:00,3.595,3.609631,1.1291616766467065,1.1300767950109534,-0.014631061553954883,-0.0009151183642468474
2026-02-27 17:20:00,3.666666666666666,3.585738,1.132330827067669,1.1288289081550644,0.08092872301737408,0.0035019189126046513
2026-02-27 17:30:00,3.657083333333334,3.6861787,1.132183734939759,1.1330350201829036,-0.029095350901285233,-0.000851285243144595
2026-02-27 17:40:00,3.663333333333332,3.6101456,1.1318140929535232,1.1304871892354575,0.05318776448567597,0.0013269037180656529
2026-02-27 17:50:00,3.709583333333333,3.6974084,1.1328805970149254,1.1330401836664066,0.012174895604450953,-0.00015958665148119167
2026-02-27 18:00:00,3.67,3.7033522,1.1306824925816024,1.1326573927011063,-0.03335221290588386,-0.001974900119503964
2026-02-27 18:10:00,3.799583333333333,3.7166915,1.1352967359050445,1.1323450977087728,0.08289183934529598,0.0029516381962717553
2026-02-27 18:20:00,3.7166666666666663,3.712691,1.1327380952380952,1.1322026493287582,0.003975598017374349,0.0005354459093369623
2026-02-27 18:30:00,3.7324999999999995,3.7193322,1.1331054977711739,1.1328332935060774,0.01316778182983347,0.0002722042650964429
2026-02-27 18:40:00,3.8637500000000005,3.7282503,1.1357686676427525,1.1329539470474221,0.1354997348785405,0.002814720595330389
2026-02-27 18:50:00,3.899583333333333,3.7201006,1.139478390461997,1.1307209595754242,0.17948269208272283,0.00875743088657277
2026-02-27 19:00:00,3.846666666666666,3.8197818,1.1373809523809524,1.1366240875198659,0.02688488642374587,0.0007568648610865036
2026-02-27 19:10:00,3.813333333333333,3.794012,1.1339970717423133,1.135500431060791,0.019321263631184582,-0.0015033593184776706
2026-02-27 19:20:00,3.9854166666666666,3.7137074,1.142548435171386,1.1304963085347701,0.27170921961466465,0.012052126636615812
2026-02-27 19:30:00,2.5749999999999997,2.594415,1.0910162002945507,1.0927957657019534,-0.019414949417114524,-0.0017795654074026501
2026-02-27 19:40:00,3.407083333333335,3.1753006,1.1213204747774481,1.1122344835868465,0.23178273518880355,0.009085991190601606
2026-02-27 19:50:00,3.4354166666666663,3.427692,1.1221481481481481,1.1220543122786797,0.007724730173746419,9.383586946842826e-05
2026-02-27 20:00:00,3.5033333333333343,3.5068982,1.124378698224852,1.124689712524414,-0.0035648314158112093,-0.00031101429956192916
2026-02-27 20:10:00,3.3641666666666667,3.3788583,1.1431560283687943,1.1199594672615005,-0.014691661198933836,0.023196561107293734
2026-02-27 20:20:00,3.025,3.2194624,1.15125,1.136998399775079,-0.19446239471435556,0.014251600224921113
2026-02-27 20:30:00,2.6254166666666663,2.3416731,1.1312708333333332,1.1170836567878724,0.28374353090922,0.014187176545460867
2026-02-27 20:40:00,1.440416666666667,1.4734228,1.0720208333333334,1.0736711382865907,-0.03300609906514462,-0.0016503049532572422
2026-02-27 20:50:00,1.4495833333333334,1.4398371,1.0724791666666667,1.071991854906082,0.00974623521169038,0.0004873117605845856
2026-02-27 21:00:00,1.4512500000000004,1.4457642,1.0725625,1.0722882091999053,0.005485816001892463,0.0002742908000947786
2026-02-27 21:10:00,1.45375,1.4457642,1.0723728354978355,1.0722882091999053,0.007985816001892188,8.462629793015708e-05
2026-02-27 21:20:00,1.4562500000000003,1.4457642,1.072360248447205,1.071975273229343,0.010485816001892356,0.0003849752178619603
2026-02-27 21:30:00,1.4612500000000002,1.4522676,1.0724586776859504,1.072162367542338,0.008982353210449379,0.0002963101436124216
2026-02-27 21:40:00,1.4529166666666666,1.4525641,1.0720454545454545,1.0720279729070743,0.0003525463740030599,1.748163838022343e-05
2026-02-27 21:50:00,1.4579166666666667,1.4457642,1.0728958333333334,1.0716907859833773,0.01215248266855884,0.0012050473499560788
2026-02-27 22:00:00,1.4566666666666668,1.4457642,1.0728333333333333,1.0722882091999053,0.010902482668558866,0.0005451241334279988
2026-02-27 22:10:00,1.4545833333333331,1.4457642,1.0725779625779626,1.0722882091999053,0.008819149335225207,0.00028975337805725587
2026-02-27 22:20:00,1.43875,1.4315697,1.0719375,1.0714296729549797,0.007180304527282688,0.0005078270450202815
2026-02-27 22:30:00,1.4370833333333333,1.4256426,1.0718541666666668,1.0712821304798126,0.011440723737080827,0.0005720361868541968
2026-02-27 22:40:00,1.4365217391304348,1.4256426,1.0718260869565217,1.0712821304798126,0.010879129534182352,0.0005439564767091287
2026-02-27 22:50:00,1.4347166666666666,1.4189188,1.071438174273859,1.070945942401886,0.015797818628946914,0.0004922318719731145
2026-02-27 23:00:00,1.4291666666666665,1.4152371,1.0708677685950414,1.0704682358073,0.013929597536722627,0.00039953278774129686
2026-02-27 23:10:00,1.4216666666666666,1.4147149,1.0702057613168725,1.0701511536747956,0.006951734224955208,5.460764207687596e-05
2026-02-27 23:20:00,1.41625,1.4077338,1.0703726708074535,1.0695177184210882,0.008516201972961435,0.0008549523863652375
2026-02-27 23:30:00,1.4108333333333334,1.3973943,1.069670781893004,1.069435741590417,0.01343903382619227,0.00023504030258703068
2026-02-27 23:40:00,1.4091666666666667,1.3973943,1.0701659751037345,1.0690071259015872,0.011772367159525565,0.0011588492021472607
2026-02-27 23:50:00,1.3954166666666665,1.3871502,1.0693374741200827,1.069069717929571,0.00826649824778225,0.0002677561905117809
2026-02-28 00:00:00,1.3845833333333333,1.3876253,1.068374485596708,1.068950327286809,-0.0030420033137004143,-0.0005758416901011643
2026-02-28 00:10:00,1.362916666666667,1.3632551,1.0681458333333333,1.0673212416378068,-0.00033847649892138065,0.0008245916955265109
2026-02-28 00:20:00,1.3445833333333335,1.3509301,1.0669502074688797,1.0675465047359467,-0.006346761385599642,-0.000596297267067003
2026-02-28 00:30:00,1.347083333333333,1.349564,1.0670746887966804,1.0671982052909883,-0.002480622927348186,-0.0001235164943078626
2026-02-28 00:40:00,1.3495833333333334,1.3500854,1.0674791666666668,1.0672241681838925,-0.0005020443598429125,0.0002549984827742158
2026-02-28 00:50:00,1.342916666666666,1.3486044,1.0671458333333332,1.0674302220344543,-0.005687774022420822,-0.0002843887011210189
2026-02-28 01:00:00,1.3324999999999998,1.3450114,1.066625,1.0672505676746369,-0.01251135349273702,-0.000625567674636951
2026-02-28 01:10:00,1.319583333333333,1.327039,1.0657053941908714,1.0663519501686096,-0.0074556700388592745,-0.0006465559777382168
2026-02-28 01:20:00,1.3145833333333332,1.3150059,1.065185950413223,1.0654774721232687,-0.00042256514231375775,-0.0002915217100456502
2026-02-28 01:30:00,1.30625,1.3145307,1.0645061728395062,1.0651833419957437,-0.008280730247497647,-0.0006771691562375004
2026-02-28 01:40:00,1.3050000000000002,1.3116884,1.0628915662650602,1.0647747369460117,-0.006688423156738121,-0.0018831706809514515
2026-02-28 01:50:00,1.3141666666666665,1.3038211,1.0638461538461539,1.0628347511751106,0.010345579783121561,0.001011402671043271
2026-02-28 02:00:00,1.30625,1.3145307,1.0642418032786884,1.0638638411456274,-0.008280730247497647,0.0003779621330610716
2026-02-28 02:10:00,1.295,1.304155,1.06475,1.0641387701034546,-0.009154992103576731,0.0006112298965454954
2026-02-28 02:20:00,1.2941666666666665,1.2972801,1.0644398340248962,1.0648640036582946,-0.0031134064992270893,-0.00042416963339841907
2026-02-28 02:30:00,1.3029166666666665,1.2981434,1.0651458333333332,1.0646378449879246,0.004773279825846188,0.0005079883454086609
2026-02-28 02:40:00,1.3083333333333331,1.3040509,1.0652806652806652,1.06520254611969,0.004282410939534298,7.811916097533178e-05
2026-02-28 02:50:00,1.3083333333333331,1.3112133,1.0654166666666667,1.065424361992279,-0.002879921595255741,-7.695325612289139e-06
2026-02-28 03:00:00,1.3185166666666666,1.3206885,1.0656522821576764,1.0660344243049622,-0.002171819432576605,-0.0003821421472858244
2026-02-28 03:10:00,1.3329166666666665,1.3318,1.0653669154228855,1.0663136921482956,0.0011166826883950431,-0.0009467767254101034
2026-02-28 03:20:00,1.3366666666666667,1.335302,1.0649392712550607,1.0654838931585935,0.0013646713892618845,-0.0005446219035327715
2026-02-28 03:30:00,1.3387499999999999,1.3472964,1.0657055214723927,1.0654556934650128,-0.008546357154846307,0.0002498280073799375
2026-02-28 03:40:00,1.3354166666666665,1.3468274,1.0662190082644627,1.0661019576839144,-0.011410721143086944,0.00011705058054833906
2026-02-28 03:50:00,1.3404166666666664,1.3483083,1.0657873210633946,1.0668582640403559,-0.007891658147176406,-0.0010709429769613088
2026-02-28 04:00:00,1.3320833333333333,1.3472964,1.0656468172484599,1.066124974584287,-0.015213023821512905,-0.0004781573358270119
2026-02-28 04:10:00,1.3291666666666668,1.335302,1.065909090909091,1.0658054371389276,-0.006135328610737956,0.00010365377016330335
2026-02-28 04:20:00,1.3274999999999997,1.336314,1.0639759036144578,1.066263502294367,-0.008813962936401687,-0.002287598679909131
2026-02-28 04:30:00,1.3508333333333336,1.3527584,1.0671221532091097,1.0651931762695312,-0.001925074259439885,0.0019289769395784973
2026-02-28 04:40:00,1.3399999999999999,1.3494928,1.0667219917012447,1.0670555422765127,-0.009492788314819478,-0.00033355057526796017
2026-02-28 04:50:00,1.3333333333333333,1.3471943,1.066390041493776,1.0670802148051282,-0.013860980669657463,-0.0006901733113522379
2026-02-28 05:00:00,1.33875,1.3477157,1.0669375,1.0671061776980324,-0.008965735435485733,-0.0001686776980323046
2026-02-28 05:10:00,1.3320833333333333,1.3462348,1.0666041666666666,1.06731173992157,-0.014151465098063198,-0.0007075732549033376
2026-02-28 05:20:00,1.3320833333333333,1.3342404,1.0666041666666666,1.0667120218276978,-0.002157103220621792,-0.00010785516103117843
2026-02-28 05:30:00,1.3249999999999997,1.3264464,1.0659751037344398,1.0663223206996917,-0.0014464139938357157,-0.00034721696525186196
2026-02-28 05:40:00,1.3241666666666665,1.3264464,1.0662083333333334,1.0660471243482408,-0.0022797473271689572,0.00016120898509264237
2026-02-28 05:50:00,1.3179166666666666,1.3234134,1.065622406639004,1.0661706686019898,-0.005496705373128297,-0.000548261962985741
2026-02-28 06:00:00,1.3104166666666668,1.3234134,1.0655208333333333,1.065896101512355,-0.012996705373128137,-0.00037526817902167053
2026-02-28 06:10:00,1.30375,1.3180381,1.0651875,1.065901905298233,-0.01428810596466068,-0.0007144052982330784
2026-02-28 06:20:00,1.2983333333333333,1.3027533,1.0649166666666667,1.0651376664638519,-0.004419995943705235,-0.00022099979718515073
2026-02-28 06:30:00,1.2970833333333334,1.3027533,1.0648541666666667,1.0651376664638519,-0.005669995943705208,-0.0002834997971852271
2026-02-28 06:40:00,1.2841666666666667,1.3027533,1.0642083333333334,1.0651376664638519,-0.018586662610371896,-0.0009293331305184616
2026-02-28 06:50:00,1.2849999999999997,1.2942674,1.06425,1.0647133708000183,-0.009267416000366513,-0.00046337080001834785
2026-02-28 07:00:00,1.2808333333333333,1.2942674,1.0640416666666668,1.0647133708000183,-0.013434082667032943,-0.0006717041333514917
2026-02-28 07:10:00,1.2804166666666665,1.2942674,1.0640208333333334,1.0647133708000183,-0.013850749333699675,-0.0006925374666848505
2026-02-28 07:20:00,1.2837500000000002,1.2942674,1.0641875,1.0647133708000183,-0.010517416000366042,-0.0005258708000182022
2026-02-28 07:30:00,1.28375,1.2942674,1.0641875,1.0647133708000183,-0.010517416000366264,-0.0005258708000182022
2026-02-28 07:40:00,1.2987500000000003,1.3037426,1.0634826883910387,1.0651871323585511,-0.004992647171020215,-0.001704443967512459
2026-02-28 07:50:00,1.30375,1.3122286,1.0642505133470226,1.0641415182296226,-0.008478560447692907,0.00010899511740003476
2026-02-28 08:00:00,1.305,1.3122286,1.06525,1.064668347948141,-0.007228560447692933,0.0005816520518591162
2026-02-28 08:10:00,1.2972282608695653,1.3122286,1.0648614130434784,1.0656114280223847,-0.01500029957812754,-0.0007500149789063659
2026-02-28 08:20:00,1.305,1.3122286,1.06525,1.0656114280223847,-0.007228560447692933,-0.0003614280223847022
2026-02-28 08:30:00,1.3137500000000002,1.3200226,1.0656875000000001,1.0660011291503906,-0.006272583007812305,-0.0003136291503904598
2026-02-28 08:40:00,1.3166666666666664,1.3289515,1.0658333333333334,1.0664475739002228,-0.012284811337789137,-0.0006142405668894124
2026-02-28 08:50:00,1.3187499999999999,1.332269,1.0659375,1.0666134476661682,-0.013518953323364391,-0.0006759476661681862
2026-02-28 09:00:00,1.319583333333333,1.332269,1.0659791666666667,1.0666134476661682,-0.01268561999003115,-0.0006342809995014687
2026-02-28 09:10:00,1.3191666666666664,1.3332809,1.0659583333333333,1.0666640460491181,-0.014114254315694463,-0.0007057127157847898
2026-02-28 09:20:00,1.3266666666666667,1.3332809,1.0663333333333334,1.0666640460491181,-0.006614254315694179,-0.00033071271578477557
2026-02-28 09:30:00,1.3204166666666666,1.335302,1.0660208333333334,1.0667650997638702,-0.014885328610738213,-0.0007442664305368218
2026-02-28 09:40:00,1.3229166666666667,1.3327595,1.0661458333333333,1.0666379749774932,-0.009842832883198982,-0.0004921416441598936
2026-02-28 09:50:00,1.3204166666666666,1.3327595,1.0654752066115702,1.0666379749774932,-0.01234283288319915,-0.0011627683659229948
2026-02-28 10:00:00,1.3299999999999998,1.3327595,1.0662240663900415,1.0660872479115635,-0.0027594995498658736,0.00013681847847801798
2026-02-28 10:10:00,1.3220833333333335,1.334833,1.0661041666666666,1.0664647149841815,-0.012749692598978513,-0.0003605483175148638
2026-02-28 10:20:00,1.3191666666666668,1.332269,1.0659583333333333,1.0666134476661682,-0.013102286656697437,-0.0006551143328348275
2026-02-28 10:30:00,1.3125000000000002,1.3316764,1.065625,1.0665838181972505,-0.019176363945007102,-0.0009588181972504106
2026-02-28 10:40:00,1.3062500000000001,1.3288494,1.0653125,1.06644247174263,-0.022599434852599964,-0.001129971742629854
2026-02-28 10:50:00,1.3033333333333335,1.3283589,1.0651666666666666,1.0664179444313049,-0.025025555292765178,-0.0012512777646382922
2026-02-28 11:00:00,1.295416666666667,1.3192141,1.0647708333333334,1.065960705280304,-0.023797438939411997,-0.001189871946970511
2026-02-28 11:10:00,1.2950000000000004,1.307432,1.06475,1.0653716027736664,-0.012432055473327264,-0.0006216027736662966
2026-02-28 11:20:00,1.2908333333333335,1.307432,1.0645416666666667,1.0653716027736664,-0.016598722139994138,-0.0008299361069996625
2026-02-28 11:30:00,1.2866666666666668,1.307026,1.0643333333333334,1.0653513014316558,-0.02035936196645083,-0.0010179680983224415
2026-02-28 11:40:00,1.2908333333333335,1.307026,1.0645416666666667,1.0653513014316558,-0.016192695299784177,-0.0008096347649890756
2026-02-28 11:50:00,1.2966666666666666,1.3125288,1.0648333333333333,1.0656264424324036,-0.015862181981404655,-0.0007931090990702661
2026-02-28 12:00:00,1.3018840579710147,1.3125288,1.0650942028985508,1.0656264424324036,-0.010644790677056593,-0.0005322395338527297
2026-02-28 12:10:00,1.3072166666666667,1.3209821,1.0640269387755101,1.0660491049289704,-0.013765431912740045,-0.002022166153460292
2026-02-28 12:20:00,1.3123913043478261,1.3344125,1.065211990278153,1.0653589774151238,-0.022021151210950718,-0.0001469871369708109
2026-02-28 12:30:00,1.3171304347826087,1.3363595,1.065719605893519,1.0664029565657147,-0.01922906610240105,-0.000683350672195715
2026-02-28 12:40:00,1.3278166666666666,1.3491328,1.0645093117408906,1.067316396320684,-0.02131610959370933,-0.002807084579793395
2026-02-28 12:50:00,1.3229166666666665,1.3357214,1.0651950718685832,1.0648933460837917,-0.012804706891377915,0.0003017257847914845
2026-02-28 13:00:00,1.3145833333333332,1.3326883,1.0646516393442622,1.0656766323583082,-0.01810499827067069,-0.0010249930140460162
2026-02-28 13:10:00,1.3450000000000002,1.3491328,1.0649496981891349,1.0663507922751005,-0.004132776260375781,-0.0014010940859656706
2026-02-28 13:20:00,1.3499999999999999,1.3665298,1.0651911468812878,1.0659893676788514,-0.016529822349548473,-0.0007982207975636424
2026-02-28 13:30:00,1.4262499999999996,1.4019873,1.0605840707964602,1.067701600686885,0.02426268577575641,-0.00711752989042469
2026-02-28 13:40:00,1.5791666666666668,1.4801974,1.0571644042232278,1.062875643029677,0.09896923700968441,-0.005711238806449304
2026-02-28 13:50:00,1.5891666666666668,1.5811964,1.058858024691358,1.0572378797229058,0.00797023932139096,0.0016201449684520863
2026-02-28 14:00:00,1.6254166666666672,1.5903943,1.0596483180428136,1.058903491055524,0.03502240816752167,0.0007448269872896152
2026-02-28 14:10:00,1.642083333333333,1.6334959,1.0596217851739789,1.0599448046553026,0.008587406476338266,-0.0003230194813237386
2026-02-28 14:20:00,1.6693478260869563,1.644004,1.0605201628792855,1.0596915214757876,0.025343838774639416,0.0008286414034979206
2026-02-28 14:30:00,1.6952166666666668,1.6461082,1.0607241791044777,1.0596776368754868,0.04910851618448908,0.001046542228990921
2026-02-28 14:40:00,1.6816666666666669,1.6461082,1.0606917293233082,1.0589650680769735,0.03555851618448913,0.001726661246334693
2026-02-28 14:50:00,1.6675000000000002,1.6356001,1.061950464396285,1.0590291761814203,0.031899909973144736,0.0029212882148645924
2026-02-28 15:00:00,1.6591333333333336,1.6356001,1.0607,1.0607653284220504,0.023533243306478102,-6.532842205042577e-05
2026-02-28 15:10:00,1.6558333333333335,1.6327229,1.0595802098950524,1.0597337629736923,0.023110478719075678,-0.00015355307863984535
2026-02-28 15:20:00,1.6970833333333335,1.6461082,1.0617121212121212,1.0592302782782193,0.050975182851155765,0.0024818429339019676
2026-02-28 15:30:00,1.6758333333333337,1.6461082,1.0604812030075188,1.0598584781993519,0.029725182851155996,0.0006227248081669412
2026-02-28 15:40:00,1.6741666666666672,1.6461082,1.060512048192771,1.059408414453492,0.028058516184489513,0.0011036337392789086
2026-02-28 15:50:00,1.6820833333333336,1.6461082,1.0602537313432836,1.0594978849571872,0.03597518285115586,0.0007558463860963816
2026-02-28 16:00:00,1.6775000000000002,1.6461082,1.0607239819004526,1.0589650680769735,0.03139184951782248,0.0017589138234790358
2026-02-28 16:10:00,1.6933333333333334,1.6461082,1.0612971342383106,1.0595876253568208,0.04722518285115562,0.0017095088814897963
2026-02-28 16:20:00,1.688333333333333,1.6356001,1.0611161387631975,1.0592072430778952,0.05273324330647755,0.001908895685302392
2026-02-28 16:30:00,1.6687500000000002,1.6327229,1.060773899848255,1.0591030897597922,0.036027145385742365,0.0016708100884628152
2026-02-28 16:40:00,1.6645833333333333,1.6327229,1.0598053892215569,1.059461833855451,0.03186047871907549,0.00034355536610597426
2026-02-28 16:50:00,1.6574999999999998,1.6115083,1.059640179910045,1.0578985000084975,0.04599174976348852,0.0017416799015474993
2026-02-28 17:00:00,1.6475,1.6115083,1.0594586466165414,1.0579853043563363,0.035991749763488734,0.0014733422602051238
2026-02-28 17:10:00,1.6379166666666665,1.6115083,1.0603840245775729,1.0581596962491373,0.026408416430155235,0.002224328328435554
2026-02-28 17:20:00,1.6712499999999997,1.6334959,1.0603434065934065,1.0602210479947278,0.03775407314300505,0.0001223585986787068
2026-02-28 17:30:00,1.6599999999999997,1.6327229,1.0597301349325337,1.0589523165716295,0.027277145385741886,0.0007778183609041811
2026-02-28 17:40:00,1.6558333333333333,1.6327229,1.0587001477104874,1.0587486484418924,0.023110478719075456,-4.850073140505451e-05
2026-02-28 17:50:00,1.648333333333333,1.6327229,1.059578313253012,1.057880869292086,0.015610478719075171,0.0016974439609260816
2026-02-28 18:00:00,1.63,1.6115083,1.0591830559757942,1.058247286153127,0.018491749763488663,0.0009357698226672984
2026-02-28 18:10:00,1.6395833333333334,1.6094041,1.0598934550989345,1.0584352467316183,0.030179246266683002,0.0014582083673162494
2026-02-28 18:20:00,1.6329166666666668,1.6094041,1.0590210843373493,1.058791016879147,0.023512579600016403,0.0002300674582023099
2026-02-28 18:30:00,1.6275,1.6094041,1.0602777777777779,1.05817123206265,0.018095912933349556,0.0021065457151279166
2026-02-28 18:40:00,1.6087500000000006,1.6016082,1.058677811550152,1.0593188206354778,0.007141842842102619,-0.0006410090853257167
2026-02-28 18:50:00,1.67375,1.6304259,1.0603153153153153,1.0594684229795694,0.04332406997680671,0.0008468923357458635
2026-02-28 19:00:00,1.6629166666666668,1.6356001,1.059745508982036,1.0589405437847514,0.027316576639811352,0.0008049651972845684
2026-02-28 19:10:00,1.6750000000000003,1.6461082,1.060725075528701,1.0591416101969644,0.028891849517822532,0.0015834653317365888
2026-02-28 19:20:00,1.68125,1.6461082,1.0603139013452916,1.0596776368754868,0.03514184951782218,0.0006362644698048037
2026-02-28 19:30:00,1.6475,1.60808,1.0596380090497737,1.057688969667717,0.0394199705123901,0.0019490393820567053
2026-02-28 19:40:00,1.6741666666666668,1.6356001,1.0606948640483385,1.0592072430778952,0.038566576639811334,0.001487620970443304
2026-02-28 19:50:00,1.68625,1.6461082,1.0617862595419847,1.0596776368754868,0.04014184951782229,0.002108622666497917
2026-02-28 20:00:00,1.6841666666666668,1.6461082,1.0619938650306748,1.0603154131474386,0.03805851618448908,0.0016784518832362316
2026-02-28 20:10:00,1.6662499999999998,1.6327229,1.061240428790199,1.060100227777212,0.033527145385741974,0.0011402010129870632
2026-02-28 20:20:00,1.6687500000000002,1.6327229,1.061145038167939,1.0600081906749497,0.036027145385742365,0.001136847492989368
2026-02-28 20:30:00,1.6674999999999995,1.6327229,1.06009009009009,1.059824959558385,0.034777145385741726,0.00026513053170496015
2026-02-28 20:40:00,1.668333333333333,1.6327229,1.0606666666666666,1.058836859625739,0.03561047871907519,0.0018298070409277223
2026-02-28 20:50:00,1.7037499999999999,1.6461082,1.0618608169440242,1.0598584781993519,0.05764184951782214,0.0020023387446723717
2026-02-28 21:00:00,1.713876811594203,1.6461082,1.0627028101802758,1.0597679207436796,0.06776866111202517,0.002934889436596144
2026-02-28 21:10:00,1.72945,1.6461082,1.062984522003035,1.0602234689200796,0.0833418495178222,0.002761053082955378
2026-02-28 21:20:00,1.7229166666666664,1.6461082,1.0628419452887539,1.05994931048797,0.0768085161844887,0.002892634800783833
2026-02-28 21:30:00,1.6941666666666664,1.6461082,1.0612349397590362,1.0600404188625718,0.04805851618448864,0.001194520896464324
2026-02-28 21:40:00,1.6766666666666663,1.6327229,1.060969696969697,1.0590140790824432,0.04394381205240849,0.0019556178872537355
2026-02-28 21:50:00,1.6766666666666663,1.6327229,1.0611550151975684,1.0593717401677911,0.04394381205240849,0.0017832750297772648
2026-02-28 22:00:00,1.7037499999999999,1.6461082,1.0626186830015314,1.0600404188625718,0.05764184951782214,0.002578264138959563
2026-02-28 22:10:00,1.7408333333333332,1.6461082,1.063689024390244,1.0605001464189467,0.0947251828511555,0.003188877971297188
2026-02-28 22:20:00,1.7237499999999994,1.6461082,1.0627769347496205,1.0602234689200796,0.07764184951782171,0.0025534658295409685
2026-02-28 22:30:00,1.6974999999999993,1.6461082,1.061263157894737,1.05994931048797,0.05139184951782161,0.001313847406766877
2026-02-28 22:40:00,1.6808333333333332,1.6356001,1.061587786259542,1.0590291761814203,0.04523324330647771,0.002558610078121637
2026-02-28 22:50:00,1.6799999999999997,1.6356001,1.0609063444108762,1.0599303849780832,0.04439990997314425,0.0009759594327929388
2026-02-28 23:00:00,1.6670833333333333,1.6327229,1.060346907993967,1.0591923693515743,0.03436047871907544,0.0011545386423925663
2026-02-28 23:10:00,1.6491666666666664,1.6115083,1.0602435312024354,1.0583351402800547,0.03765841643015522,0.0019083909223807094
2026-02-28 23:20:00,1.6554166666666665,1.6327229,1.0587721893491124,1.0596428440041739,0.022693812052408724,-0.0008706546550614203
2026-02-28 23:30:00,1.6679166666666672,1.6356001,1.0602861445783134,1.058068642249474,0.03231657663981169,0.002217502328839327
2026-02-28 23:40:00,1.6966666666666668,1.6461082,1.0616036308623298,1.0594978849571872,0.05055851618448903,0.002105745905142564
2026-02-28 23:50:00,1.6741666666666668,1.6461082,1.0626833073322932,1.0597679207436796,0.02805851618448907,0.0029153865886135666
2026-03-01 00:00:00,1.6966666666666668,1.6461082,1.062936630602782,1.0616327544642312,0.05055851618448903,0.0013038761385508746
2026-03-01 00:10:00,1.6800000000000006,1.6461082,1.0612765957446808,1.06106119878141,0.03389184951782287,0.0002153969632707753
2026-03-01 00:20:00,1.677880434782609,1.6461082,1.0611992863750497,1.0600404188625718,0.03177228430043133,0.0011588675124778458
2026-03-01 00:30:00,1.6595500000000007,1.6356001,1.060994180704441,1.059657146140797,0.023949909973145278,0.0013370345636438685
2026-03-01 00:40:00,1.6808333333333336,1.6461082,1.061400304414003,1.0605001464189467,0.03472518285115589,0.0009001579950562721
2026-03-01 00:50:00,1.6858333333333335,1.6461082,1.0618654434250765,1.060131804583824,0.03972518285115578,0.0017336388412525494
2026-03-01 01:00:00,1.6887500000000006,1.6461082,1.062258064516129,1.0604076385498047,0.042641849517822905,0.0018504259663243428
2026-03-01 01:10:00,1.7095833333333335,1.6461082,1.0631230769230768,1.06068601476432,0.06347518285115572,0.002437062158756831
2026-03-01 01:20:00,1.7133333333333338,1.6461082,1.0621148036253776,1.0607793778639574,0.06722518285115608,0.0013354257614202059
2026-03-01 01:30:00,1.6975000000000002,1.6461082,1.0617272727272726,1.0596776368754868,0.0513918495178225,0.002049635851785858
2026-03-01 01:40:00,1.725090579710145,1.6461082,1.062258908139915,1.0598584781993519,0.07898242922796728,0.002400429940563109
2026-03-01 01:50:00,1.7353000000000005,1.6461082,1.0631975720789075,1.059408414453492,0.08919184951782277,0.003789157625415429
2026-03-01 02:00:00,1.7566666666666666,1.6461082,1.0634939759036144,1.05994931048797,0.11055851618448886,0.0035446654156443547
2026-03-01 02:10:00,1.7524999999999997,1.6461082,1.0636308623298034,1.0594978849571872,0.10639184951782199,0.004132977372616198
2026-03-01 02:20:00,1.7508333333333328,1.6461082,1.063763277693475,1.0597679207436796,0.10472518285115506,0.003995356949795248
2026-03-01 02:30:00,1.748333333333333,1.6461082,1.0627204783258595,1.05994931048797,0.10222518285115534,0.0027711678378894433
2026-03-01 02:40:00,1.7404166666666667,1.6461082,1.062812030075188,1.0590532071921857,0.09430851618448899,0.003758822883002333
2026-03-01 02:50:00,1.7408333333333335,1.6461082,1.062358208955224,1.059408414453492,0.09472518285115572,0.0029497945017318283
2026-03-01 03:00:00,1.7424999999999997,1.6461082,1.0635562310030395,1.0589650680769735,0.09639184951782198,0.004591162926065984
2026-03-01 03:10:00,1.7391666666666667,1.6461082,1.0632424242424243,1.0600404188625718,0.09305851618448902,0.0032020053798524906
2026-03-01 03:20:00,1.718333333333333,1.6461082,1.0627701674277017,1.0598584781993519,0.07222518285115531,0.002911689228349834
2026-03-01 03:30:00,1.7045833333333333,1.6461082,1.0614264264264264,1.060131804583824,0.058475182851155605,0.001294621842602428
2026-03-01 03:40:00,1.7162499999999996,1.6461082,1.0620331325301204,1.0593192126299884,0.07014184951782187,0.0027139199001320335
2026-03-01 03:50:00,1.7049999999999996,1.6506975,1.060353982300885,1.059663763965469,0.054302530288695916,0.0006902183354160485
2026-03-01 04:00:00,1.7295833333333328,1.6461082,1.0623273273273273,1.058269315061316,0.08347518285115507,0.004058012266011213
2026-03-01 04:10:00,1.7191666666666663,1.6461082,1.061951951951952,1.0593192126299884,0.07305851618448855,0.0026327393219636175
2026-03-01 04:20:00,1.6933333333333334,1.6461082,1.0622358346094947,1.0593192126299884,0.04722518285115562,0.002916621979506262
2026-03-01 04:30:00,1.6925,1.6461082,1.0617325227963526,1.0605001464189467,0.04639184951782216,0.0012323763774058083
2026-03-01 04:40:00,1.6920833333333334,1.6461082,1.0610676691729324,1.0600404188625718,0.04597518285115565,0.0010272503103605501
2026-03-01 04:50:00,1.6929166666666666,1.6461082,1.0609145427286357,1.059408414453492,0.04680851618448889,0.0015061282751436256
2026-03-01 05:00:00,1.6879166666666667,1.6461082,1.0619418960244649,1.0592302782782193,0.041808516184489,0.0027116177462456204
2026-03-01 05:10:00,1.6695833333333336,1.6461082,1.0601651651651651,1.0604076385498047,0.023475182851155907,-0.00024247338463956325
2026-03-01 05:20:00,1.6604166666666669,1.6461082,1.0598348348348348,1.0593192126299884,0.01430851618448914,0.0005156222048463555
2026-03-01 05:30:00,1.6508333333333336,1.6356001,1.0602127659574467,1.0589405437847517,0.015233243306478128,0.00127222217269507
2026-03-01 05:40:00,1.6574999999999998,1.6461082,1.0602727272727273,1.0600404188625718,0.011391849517822017,0.00023230841015542403
2026-03-01 05:50:00,1.6820833333333332,1.6461082,1.0607067669172932,1.0598584781993519,0.03597518285115542,0.0008482887179412923
2026-03-01 06:00:00,1.6720833333333336,1.6461082,1.059540059347181,1.059408414453492,0.025975182851155854,0.000131644893688998
2026-03-01 06:10:00,1.684166666666667,1.6461082,1.0612424242424243,1.058615127020137,0.0380585161844893,0.0026272972222873836
2026-03-01 06:20:00,1.6675,1.6356001,1.0603619909502262,1.0594763669100675,0.031899909973144513,0.0008856240401586835
2026-03-01 06:30:00,1.65375,1.6327229,1.0597740963855422,1.0591030897597922,0.02102714538574224,0.0006710066257500369
2026-03-01 06:40:00,1.6337500000000005,1.6115083,1.059409090909091,1.058247286153127,0.02224174976348925,0.0011618047559640576
2026-03-01 06:50:00,1.6404166666666669,1.6306187,1.0595612708018154,1.0592952251434327,0.009797975222269883,0.00026604565838272975
2026-03-01 07:00:00,1.6495833333333336,1.6306187,1.0605351681957187,1.0592055198103867,0.01896464188893665,0.0013296483853320051
2026-03-01 07:10:00,1.6491666666666664,1.6356001,1.0597885196374621,1.0600220216523617,0.013566576639810979,-0.00023350201489957811
2026-03-01 07:20:00,1.668460144927536,1.6461082,1.0603967473276936,1.0596776368754868,0.022351994445358292,0.0007191104522068503
2026-03-01 07:30:00,1.6650666666666665,1.6461082,1.061103363914373,1.0595876253568208,0.01895851618448874,0.0015157385575521598
2026-03-01 07:40:00,1.6916666666666667,1.6461082,1.0607784431137726,1.0604076385498047,0.04555851618448892,0.00037080456396787476
2026-03-01 07:50:00,1.6974999999999998,1.6461082,1.0613875786163522,1.0591416101969644,0.05139184951782205,0.002245968419387845
2026-03-01 08:00:00,1.699528985507246,1.6461082,1.0621778897136798,1.0595290683350473,0.053420835025068225,0.0026488213786324266
2026-03-01 08:10:00,1.6835,1.6461082,1.0615914634146342,1.0602234689200796,0.03739184951782226,0.001367994494554603
2026-03-01 08:20:00,1.6920833333333332,1.6461082,1.062,1.0602234689200796,0.04597518285115543,0.0017765310799204848
2026-03-01 08:30:00,1.7070833333333335,1.6461082,1.0629339477726574,1.0603154131474386,0.060975182851155774,0.0026185346252187713
2026-03-01 08:40:00,1.67125,1.6356001,1.0613302752293579,1.0602986208304832,0.035649909973144434,0.0010316543988746485
2026-03-01 08:50:00,1.6429166666666668,1.60808,1.0604754601226993,1.0590121111738573,0.03483663717905694,0.001463348948842036
2026-03-01 09:00:00,1.7054166666666668,1.6461082,1.0616415662650602,1.0605929380545587,0.05930851618448907,0.0010486282105015565
2026-03-01 09:10:00,1.6395833333333334,1.60808,1.0607253086419752,1.058123374559793,0.03150330384572353,0.0026019340821821224
2026-03-01 09:20:00,1.6420833333333338,1.6306187,1.0596649552395998,1.060393284868311,0.01146464188893681,-0.0007283296287112773
2026-03-01 09:30:00,1.6454166666666672,1.6306187,1.059472891566265,1.0592483884727033,0.014797975222270221,0.00022450309356170095
2026-03-01 09:40:00,1.6445833333333337,1.6327229,1.0596223564954683,1.0590140790824432,0.011860478719075918,0.00060827741302516
2026-03-01 09:50:00,1.6262500000000006,1.6115083,1.059861963190184,1.0584232598273056,0.014741749763489409,0.0014387033628784351
2026-03-01 10:00:00,1.6016666666666666,1.6034498,1.0585083713850838,1.0590226928149264,-0.0017831548055013968,-0.0005143214298426457
2026-03-01 10:10:00,1.62375,1.6144125,1.0581641791044776,1.0589739742888709,0.009337453842163113,-0.0008097951843932805
2026-03-01 10:20:00,1.6533333333333333,1.6334959,1.0591356184798808,1.058513286932191,0.019837406476338693,0.0006223315476898694
2026-03-01 10:30:00,1.6720833333333336,1.6506975,1.0586695906432748,1.0590413401983179,0.021385863622029877,-0.00037174955504304386
2026-03-01 10:40:00,1.6720833333333331,1.6461082,1.060619335347432,1.057758180718673,0.02597518285115541,0.0028611546287591327
2026-03-01 10:50:00,1.657916666666667,1.6461082,1.0597447447447448,1.0596776368754868,0.011808516184489193,6.71078692580096e-05
2026-03-01 11:00:00,1.635,1.6327229,1.0598170731707317,1.058836859625739,0.0022771453857421964,0.0009802135449927807
2026-03-01 11:10:00,1.624166666666667,1.6306187,1.0587048192771085,1.0596567813943072,-0.006452024777729992,-0.0009519621171987236
2026-03-01 11:20:00,1.6329166666666666,1.6306187,1.0599235474006117,1.0589380249919662,0.0022979752222695993,0.0009855224086454673
2026-03-01 11:30:00,1.6320833333333333,1.6306187,1.0591691842900302,1.0598392180346567,0.0014646418889363577,-0.0006700337446265969
2026-03-01 11:40:00,1.6195833333333334,1.6306187,1.0577563150074294,1.0591160854904313,-0.011035358111063598,-0.0013597704830019541
2026-03-01 11:50:00,1.6478260869565218,1.6334959,1.0595599790466212,1.0582524550439345,0.014330160099527145,0.001307524002686744
2026-03-01 12:00:00,1.6540000000000004,1.6356001,1.060236722306525,1.0591180755431393,0.01839990997314489,0.001118646763385689
2026-03-01 12:10:00,1.6766666666666663,1.6461082,1.0600597014925373,1.05994931048797,0.03055851618448857,0.00011039100456722295
2026-03-01 12:20:00,1.684166666666667,1.6461082,1.0615220700152208,1.0589650680769735,0.0380585161844893,0.002557001938247261
2026-03-01 12:30:00,1.6837500000000003,1.6461082,1.0621692307692308,1.060131804583824,0.03764184951782257,0.00203742618540681
2026-03-01 12:40:00,1.6758333333333335,1.6461082,1.0614984709480122,1.0607793778639574,0.029725182851155774,0.0007190930840548226
2026-03-01 12:50:00,1.6758333333333333,1.6461082,1.0603903903903904,1.0604076385498047,0.02972518285115555,-1.7248159414284814e-05
2026-03-01 13:00:00,1.6829166666666664,1.6461082,1.0601041666666666,1.0593192126299884,0.03680851618448866,0.0007849540366782204
2026-03-01 13:10:00,1.6720833333333331,1.6461082,1.060468422431866,1.058789576802935,0.02597518285115541,0.0016788456289309472
2026-03-01 13:20:00,1.6624999999999999,1.6461082,1.0599099099099099,1.0595290683350473,0.016391849517822132,0.0003808415748625116
2026-03-01 13:30:00,1.675,1.6506975,1.05929203539823,1.05948459350311,0.024302530288696333,-0.00019255810488005842
2026-03-01 13:40:00,1.6695833333333332,1.6461082,1.0597168405365127,1.058269315061316,0.023475182851155463,0.0014475254751966649
2026-03-01 13:50:00,1.6658333333333335,1.6461082,1.060210843373494,1.0588771916714936,0.019725182851155765,0.0013336517020003935
2026-03-01 14:00:00,1.705,1.6461082,1.0620940819423368,1.0594978849571872,0.05889184951782234,0.002596196985149568
2026-03-01 14:10:00,1.7049999999999996,1.6461082,1.062473282442748,1.05994931048797,0.05889184951782189,0.002523971954778048
2026-03-01 14:20:00,1.6899999999999995,1.6461082,1.0612688821752265,1.0603154131474386,0.04389184951782177,0.0009534690277879232
2026-03-01 14:30:00,1.7125,1.6461082,1.060888888888889,1.0596776368754868,0.06639184951782218,0.0012112520134022198
2026-03-01 14:40:00,1.6983333333333333,1.6461082,1.060654761904762,1.058528289794922,0.052225182851155516,0.002126472109839961
2026-03-01 14:50:00,1.7091666666666665,1.6461082,1.0607703703703704,1.058789576802935,0.06305851618448877,0.0019807935674354127
2026-03-01 15:00:00,1.6745833333333333,1.6327229,1.0607099697885196,1.0580523681640626,0.0418604787190755,0.002657601624457051
2026-03-01 15:10:00,1.6895833333333332,1.6461082,1.0610692771084338,1.0596776368754868,0.04347518285115548,0.0013916402329470223
2026-03-01 15:20:00,1.705,1.6461082,1.0614414414414415,1.0594978849571872,0.05889184951782234,0.0019435564842542608
2026-03-01 15:30:00,1.6937499999999999,1.6461082,1.0614977307110438,1.0593192126299884,0.04764184951782213,0.002178518081055403
2026-03-01 15:40:00,1.6849999999999996,1.6461082,1.0610876132930513,1.0597679207436796,0.038891849517821875,0.0013196925493716982
2026-03-01 15:50:00,1.6895833333333332,1.6461082,1.0631619937694703,1.0596776368754868,0.04347518285115548,0.00348435689398352
2026-03-01 16:00:00,1.65625,1.6327229,1.0613425925925926,1.0610363683967947,0.023527145385742188,0.000306224195797844
2026-03-01 16:10:00,1.6808333333333332,1.6356001,1.0609365558912387,1.0605777811121058,0.04523324330647771,0.000358774779132931
2026-03-01 16:20:00,1.6679166666666663,1.6327229,1.0609284627092845,1.0591923693515743,0.03519381205240846,0.001736093357710189
2026-03-01 16:30:00,1.6849999999999998,1.6461082,1.0613657056145676,1.060131804583824,0.0388918495178221,0.0012339010307436116
2026-03-01 16:40:00,1.6783333333333332,1.6356001,1.0603898050974512,1.0595666193636488,0.042733243306477764,0.0008231857338023563
2026-03-01 16:50:00,1.6829166666666664,1.6461082,1.0613829787234041,1.0592302782782193,0.03680851618448866,0.0021527004451848963
2026-03-01 17:00:00,1.6933333333333331,1.6461082,1.0621406727828746,1.0600404188625718,0.0472251828511554,0.002100253920302775
2026-03-01 17:10:00,1.6658333333333335,1.6327229,1.060210843373494,1.0599164350317158,0.03311047871907569,0.0002944083417781851
2026-03-01 17:20:00,1.6354166666666665,1.6115083,1.0586696562032885,1.058247286153127,0.023908416430155288,0.00042237005016154683
2026-03-01 17:30:00,1.657916666666667,1.6306187,1.0614043209876542,1.0584975315316376,0.027297975222269955,0.002906789456016634
2026-03-01 17:40:00,1.6816666666666666,1.6461082,1.0615243902439024,1.060966968536377,0.03555851618448891,0.000557421707525485
2026-03-01 17:50:00,1.6504166666666664,1.6327229,1.059833836858006,1.0597337629736923,0.01769381205240861,0.00010007388431376718
2026-03-01 18:00:00,1.6575000000000006,1.6327229,1.0595508982035928,1.0591923693515743,0.024777145385742827,0.0003585288520184804
2026-03-01 18:10:00,1.6766666666666672,1.6461082,1.060785498489426,1.0591416101969644,0.03055851618448946,0.0016438882924616482
2026-03-01 18:20:00,1.6516666666666673,1.6327229,1.059252615844544,1.0591923693515743,0.01894381205240947,6.0246492969762144e-05
2026-03-01 18:30:00,1.650416666666667,1.6327229,1.0609384615384616,1.0585730172058927,0.017693812052409275,0.002365444332568911
2026-03-01 18:40:00,1.6587681159420293,1.6356001,1.0607510615711253,1.060391387939453,0.023168025915173862,0.00035967363167221933
2026-03-01 18:50:00,1.6774166666666672,1.6461082,1.0596414814814814,1.0602874004157485,0.03130851618448949,-0.0006459189342671312
2026-03-01 19:00:00,1.6808333333333336,1.6461082,1.0618711656441717,1.058528289794922,0.03472518285115589,0.003342875849249749
2026-03-01 19:10:00,1.6850000000000003,1.6461082,1.061552511415525,1.0605929380545587,0.03889184951782254,0.0009595733609664148
2026-03-01 19:20:00,1.6800000000000002,1.6461082,1.0619354838709678,1.060131804583824,0.033891849517822425,0.0018036792871438667
2026-03-01 19:30:00,1.664166666666667,1.6356001,1.06006015037594,1.0602986208304832,0.028566576639811547,-0.00023847045454328253
2026-03-01 19:40:00,1.6712500000000001,1.6356001,1.0604977375565612,1.0590291761814203,0.035649909973144656,0.0014685613751408422
2026-03-01 19:50:00,1.6708333333333338,1.6356001,1.06131498470948,1.0592072430778952,0.03523324330647837,0.002107741631584892
2026-03-01 20:00:00,1.6750000000000005,1.6461082,1.0617511520737328,1.0604076385498047,0.028891849517822754,0.0013435135239281415
2026-03-01 20:10:00,1.6900000000000002,1.6461082,1.0626893353941267,1.06068601476432,0.043891849517822434,0.002003320629806682
2026-03-01 20:20:00,1.6741666666666672,1.6461082,1.0616257668711657,1.06106119878141,0.028058516184489513,0.0005645680897556904
2026-03-01 20:30:00,1.672916666666667,1.6461082,1.0607413010590014,1.0605929380545587,0.026808516184489317,0.00014836300444276418
2026-03-01 20:40:00,1.657916666666667,1.6356001,1.0612153846153847,1.0593863875350145,0.02231657663981146,0.0018289970803702094
2026-03-01 20:50:00,1.6608333333333336,1.6356001,1.061323076923077,1.060391387939453,0.025233243306478137,0.0009316889836239461
2026-03-01 21:00:00,1.67375,1.6461082,1.0608636363636363,1.0607793778639574,0.027641849517822337,8.425849967896859e-05
2026-03-01 21:10:00,1.672916666666667,1.6461082,1.0606495468277946,1.0598584781993519,0.026808516184489317,0.0007910686284426927
2026-03-01 21:20:00,1.676666666666667,1.6461082,1.0597919762258543,1.0596776368754868,0.030558516184489237,0.00011433935036753162
2026-03-01 21:30:00,1.6525000000000005,1.6327229,1.0599093655589125,1.058224886345828,0.01977714538574271,0.0016844792130845665
2026-03-01 21:40:00,1.671666666666667,1.6461082,1.0620092735703246,1.0596776368754868,0.025558516184489344,0.002331636694837824
2026-03-01 21:50:00,1.6660869565217395,1.6461082,1.0619939332659252,1.06106119878141,0.019978806039561814,0.0009327344845151408
2026-03-01 22:00:00,1.6376500000000003,1.6115083,1.060097247706422,1.059963097683219,0.02614174976348904,0.00013415002320305014
2026-03-01 22:10:00,1.61625,1.6094041,1.0607993730407523,1.0590607004428128,0.006845912933349574,0.0017386725979395834
2026-03-01 22:20:00,1.599166666666667,1.595016,1.0591371340523883,1.0600006019807535,0.004150664011637772,-0.0008634679283652247
2026-03-01 22:30:00,1.5829166666666672,1.5725418,1.0587171561051005,1.0581525485210683,0.010374833742778033,0.0005646075840322062
2026-03-01 22:40:00,1.58,1.5720955,1.0589735614307931,1.0583157531997704,0.007904486656189036,0.0006578082310226829
2026-03-01 22:50:00,1.5837500000000002,1.5746043,1.0581192660550458,1.0587721657048488,0.009145727157592987,-0.0006528996498029738
2026-03-01 23:00:00,1.5848666666666666,1.5760062,1.0580714503816795,1.0578350889573402,0.008860492579142232,0.00023636142433924867
2026-03-01 23:10:00,1.5983333333333332,1.5760062,1.0591063174114022,1.0577467911116039,0.022327159245808748,0.001359526299798297
2026-03-01 23:20:00,1.5924999999999998,1.5725418,1.05971875,1.0581525485210683,0.019958167076110644,0.001566201478931717
2026-03-01 23:30:00,1.5758333333333328,1.5677233,1.058006134969325,1.0587896227836608,0.008110059102375722,-0.0007834878143357926
2026-03-01 23:40:00,1.597083333333333,1.5701706,1.058698315467075,1.0577976923047399,0.026912692387898396,0.0009006231623351901
2026-03-01 23:50:00,1.5958333333333332,1.5737929,1.06128,1.0578423130567005,0.022040398915608606,0.0034376869432994894
2026-03-02 00:00:00,1.5787499999999994,1.570527,1.0592957746478873,1.060308235168457,0.008223042488097576,-0.0010124605205696913
2026-03-02 00:10:00,1.5779166666666664,1.5674402,1.0576407914764079,1.0588709916307333,0.010476514498392486,-0.0012302001543254004
2026-03-02 00:20:00,1.6045833333333333,1.5720955,1.0595208655332302,1.0574281466061666,0.032487819989522215,0.0020927189270636415
2026-03-02 00:30:00,1.6524999999999999,1.6144125,1.0609216589861752,1.0598854731186833,0.038087453842162944,0.001036185867491879
2026-03-02 00:40:00,1.644166666666666,1.6115083,1.060895061728395,1.0594104424050326,0.03265841643015488,0.0014846193233624128
2026-03-02 00:50:00,1.6154166666666665,1.5946114,1.0602954898911352,1.0590596817157887,0.020805260340372556,0.00123580817534652
2026-03-02 01:00:00,1.6175,1.6016082,1.0598151001540832,1.0597800867368423,0.01589184284210199,3.501341724088114e-05
2026-03-02 01:10:00,1.624583333333333,1.6034498,1.0604496124031006,1.0592955249851033,0.021133511861165077,0.0011540874179973848
2026-03-02 01:20:00,1.6349999999999998,1.6094041,1.061795275590551,1.0598848032396893,0.025595912933349396,0.001910472350861836
2026-03-02 01:30:00,1.6095833333333331,1.5905824,1.0599844720496894,1.0601164990522731,0.019000962575276503,-0.00013202700258374556
2026-03-02 01:40:00,1.6245833333333328,1.5985382,1.0599846153846153,1.059572850695308,0.026045173009236144,0.0004117646893073701
2026-03-02 01:50:00,1.6095833333333334,1.5925072,1.0595223420647149,1.0588002674396222,0.01707609017690026,0.0007220746250926613
2026-03-02 02:00:00,1.6020833333333333,1.585678,1.0595201238390093,1.0586383228860394,0.016405351956685355,0.0008818009529698578
2026-03-02 02:10:00,1.623333333333333,1.585402,1.060780031201248,1.0589003843419693,0.03793132146199518,0.0018796468592787718
2026-03-02 02:20:00,1.59375,1.588748,1.0586656441717792,1.0594851037083475,0.005002021789550781,-0.0008194595365682567
2026-03-02 02:30:00,1.6308333333333334,1.5872437,1.060776397515528,1.0584261475896544,0.04358965714772545,0.0023502499258736265
2026-03-02 02:40:00,1.5974999999999997,1.588748,1.05990625,1.059207999187967,0.00875202178955048,0.0006982508120330078
2026-03-02 02:50:00,1.6091666666666664,1.5763011,1.0596908809891807,1.0591112911701202,0.032865568796793365,0.0005795898190605886
2026-03-02 03:00:00,1.6554166666666665,1.6063341,1.0607999443516973,1.059585808602146,0.049082576433817415,0.001214135749551426
2026-03-02 03:10:00,1.6120833333333335,1.5926865,1.060171073094868,1.0584959995766514,0.019396799405416054,0.0016750735182164966
2026-03-02 03:20:00,1.63,1.6003798,1.060277349768875,1.0597342391777929,0.029620175361633194,0.000543110591082252
2026-03-02 03:30:00,1.6725000000000003,1.6306187,1.0622325581395349,1.060300228959423,0.04188130855560335,0.0019323291801118803
2026-03-02 03:40:00,1.6483333333333334,1.60808,1.0618125,1.0598355359809344,0.040253303845723565,0.0019769640190656634
2026-03-02 03:50:00,1.6004166666666673,1.5908521,1.0597356143079315,1.0596569553017616,0.009564525286357206,7.865900616987886e-05
2026-03-02 04:00:00,1.606666666666667,1.5725418,1.0607244094488189,1.058695185054702,0.03412483374277775,0.002029224394116902
2026-03-02 04:10:00,1.6154166666666665,1.5985382,1.060015479876161,1.0604171903114619,0.01687850634256982,-0.000401710435300906
2026-03-02 04:20:00,1.6124999999999998,1.595016,1.0597222222222222,1.059257560470156,0.017483997344970525,0.00046466175206627547
2026-03-02 04:30:00,1.6583333333333332,1.6275487,1.0614197530864198,1.060279581281874,0.030784638722737512,0.001140171804545842
2026-03-02 04:40:00,1.6374999999999997,1.6115083,1.0613104524180967,1.0596854907495004,0.025991749763488503,0.0016249616685963808
2026-03-02 04:50:00,1.6616666666666666,1.6306187,1.0625078369905956,1.061052805919915,0.031047975222269653,0.001455031070680679
2026-03-02 05:00:00,1.665833333333333,1.6327229,1.0620807453416148,1.0614190415528875,0.03311047871907524,0.0006617037887273192
2026-03-02 05:10:00,1.6262499999999998,1.605554,1.0611755485893417,1.0598343099866594,0.020696015357970943,0.0013412386026823153
2026-03-02 05:20:00,1.6791666666666665,1.644004,1.0622874806800617,1.0618434101810277,0.03516267935434958,0.00044407049903405493
2026-03-02 05:30:00,1.6412499999999999,1.60808,1.0611645962732918,1.0596505729639918,0.03316997051239001,0.001514023309300061
2026-03-02 05:40:00,1.6366666666666667,1.6028665,1.0621518987341771,1.059734156413108,0.03380013624827072,0.0024177423210691718
2026-03-02 05:50:00,1.6545833333333333,1.6094041,1.0612808641975309,1.0611166109012653,0.045179246266682904,0.00016425329626557073
2026-03-02 06:00:00,1.6258333333333335,1.603129,1.0617405063291139,1.05937514923237,0.022704304059346647,0.002365357096743903
2026-03-02 06:10:00,1.6258333333333335,1.6016082,1.06096875,1.0608205629300467,0.024225176175435514,0.00014818706995334274
2026-03-02 06:20:00,1.6295833333333332,1.6034498,1.060261941448382,1.0601293683052062,0.026133511861165193,0.00013257314317582924
2026-03-02 06:30:00,1.6604166666666664,1.6306187,1.0611196319018406,1.060300228959423,0.029797975222269457,0.0008194029424175575
2026-03-02 06:40:00,1.6591666666666665,1.6327229,1.0612615384615385,1.060100227777212,0.026443812052408644,0.0011613106843264553
2026-03-02 06:50:00,1.6900000000000002,1.6461082,1.0628837209302326,1.0607793778639574,0.043891849517822434,0.0021043430662752716
2026-03-02 07:00:00,1.6641666666666666,1.6327229,1.0613517665130567,1.0607524783112283,0.03144381205240876,0.0005992882018284185
2026-03-02 07:10:00,1.6608333333333332,1.6327229,1.0621840873634945,1.0601925476355487,0.02811047871907535,0.001991539727945746
2026-03-02 07:20:00,1.694583333333333,1.6461082,1.0626656394453005,1.0616327544642312,0.048475182851155374,0.0010328849810692375
2026-03-02 07:30:00,1.67625,1.6356001,1.062566096423017,1.0604844409254923,0.04064990997314455,0.0020816554975247037
2026-03-02 07:40:00,1.6420833333333333,1.60808,1.0604447852760737,1.0600216496231767,0.034003303845723476,0.00042313565289697763
2026-03-02 07:50:00,1.6658333333333337,1.6334959,1.061984496124031,1.060128684424184,0.03233740647633909,0.0018558116998470542
2026-03-02 08:00:00,1.6395833333333334,1.6115083,1.0607253086419752,1.059963097683219,0.028075083096822162,0.000762210958756171
2026-03-02 08:10:00,1.5979166666666669,1.595016,1.0598283931357255,1.059074666765001,0.002900664011637577,0.0007537263707244612
2026-03-02 08:20:00,1.5845833333333337,1.5725418,1.059701726844584,1.0588783213575248,0.012041500409444517,0.0008234054870592811
2026-03-02 08:30:00,1.607916666666667,1.5825983,1.059644513137558,1.0596269385968122,0.02531833807627404,1.757454074580167e-05
2026-03-02 08:40:00,1.6091666666666669,1.6003798,1.0606279434850863,1.0593649393992592,0.008786842028300157,0.0012630040858270242
2026-03-02 08:50:00,1.6333333333333337,1.6063341,1.060964230171073,1.0605212216100288,0.026999243100484627,0.0004430085610442891
2026-03-02 09:00:00,1.6333333333333337,1.6094041,1.0616352201257861,1.060071070123794,0.023929246266683357,0.0015641500019920596
2026-03-02 09:10:00,1.6329166666666666,1.6094041,1.0606656346749226,1.0607322297006283,0.02351257960001618,-6.659502570571796e-05
2026-03-02 09:20:00,1.6558333333333333,1.6306187,1.0622884012539184,1.0605802609824544,0.025214641888936296,0.0017081402714640426
2026-03-02 09:30:00,1.7054166666666668,1.6461082,1.063753894080997,1.061922563654502,0.05930851618448907,0.0018313304264949704
2026-03-02 09:40:00,3.136666666666667,2.7198894,1.1149312977099237,1.101678108500543,0.4167772642771408,0.013253189209380789
2026-03-02 09:50:00,3.5616666666666674,3.2548053,1.131305683563748,1.11926004249631,0.30686134020487543,0.012045641067438106
2026-03-02 10:00:00,3.671666666666667,3.6536064,1.1359876543209877,1.1346951673657113,0.01806025187174498,0.0012924869552763951
2026-03-02 10:10:00,3.8358333333333325,3.7421813,1.1425077399380805,1.1385993074487757,0.09365203221638918,0.003908432489304836
2026-03-02 10:20:00,3.9804166666666663,3.8891568,1.1483385093167702,1.1444887982064356,0.09125984827677369,0.0038497111103346082
2026-03-02 10:30:00,4.0458333333333325,3.8336592,1.1548644338118021,1.142869285915209,0.21217416127522704,0.011995147896593172
2026-03-02 10:40:00,4.21875,3.8917747,1.1517991004497752,1.1489674508856815,0.32697534561157227,0.0028316495640936523
2026-03-02 10:50:00,4.786250000000001,4.3467536,1.1772685185185185,1.1564049270378238,0.4394964027404793,0.02086359148069472
2026-03-02 11:00:00,7.640833333333334,5.6587796,1.28697965571205,1.20958443041201,1.9820537122090665,0.07739522530004006
2026-03-02 11:10:00,8.531666666666666,6.425961,1.3150153846153847,1.2413506485486814,2.1057056490580237,0.07366473606670332
2026-03-02 11:20:00,9.07125,7.0556517,1.3412382445141064,1.260516369159405,2.0155983352661124,0.08072187535470143
2026-03-02 11:30:00,9.005416666666667,7.0556517,1.341437598736177,1.265416363563657,1.9497650019327804,0.07602123517252002
2026-03-02 11:40:00,8.958333333333332,7.0556517,1.3282442748091603,1.2675128593264033,1.9026816685994454,0.060731415482756956
2026-03-02 11:50:00,8.996666666666666,7.1555295,1.3306584992343033,1.262187340423351,1.841137167612711,0.06847115881095234
2026-03-02 12:00:00,9.068333333333333,7.1555295,1.335346687211094,1.2629903644368987,1.9128038342793783,0.07235632277419524
2026-03-02 12:10:00,8.995416666666667,7.1555295,1.337328125,1.2646112603656317,1.8398871676127122,0.07271686463436833
2026-03-02 12:20:00,8.888333333333332,7.092592,1.3317573872472783,1.265972191095352,1.7957415707906073,0.06578519615192624
2026-03-02 12:30:00,8.79791666666667,7.0529656,1.324347158218126,1.2632522167721951,1.7449510256449408,0.06109494144593097
2026-03-02 12:40:00,8.875833333333334,7.092592,1.323247344461305,1.261478037328764,1.7832415707906097,0.06176930713254114
2026-03-02 12:50:00,9.034583333333332,7.073149,1.3356501547987616,1.2575957221579661,1.9614341290791817,0.07805443264079548
2026-03-02 13:00:00,8.971304347826086,7.06953,1.3364239130434783,1.262645077779197,1.9017743376026974,0.0737788352642812
2026-03-02 13:10:00,8.9788,7.06953,1.3300018376722818,1.265107375383377,1.909269989776611,0.06489446228890472
2026-03-02 13:20:00,9.008333333333333,7.0759287,1.3188790560471975,1.2600647603570958,1.9324046452840165,0.05881429569010166
2026-03-02 13:30:00,9.050416666666667,7.06953,1.3362383900928791,1.250248849919412,1.9808866564432783,0.08598954017346716
2026-03-02 13:40:00,9.189583333333333,7.0847826,1.3291791044776118,1.2632117374762661,2.104800732930501,0.06596736700134564
2026-03-02 13:50:00,9.299583333333333,7.0800114,1.3321279761904763,1.2536123475032066,2.219571965535481,0.07851562868726969
2026-03-02 14:00:00,9.312916666666668,7.0800114,1.332109955423477,1.2528575488499234,2.2329052988688165,0.07925240657355359
2026-03-02 14:10:00,9.247499999999999,7.06953,1.3347511312217195,1.2521080538564062,2.17796998977661,0.08264307736531329
2026-03-02 14:20:00,9.100000000000001,7.0743012,1.32548435171386,1.2560833029078142,2.0256987571716323,0.0694010488060457
2026-03-02 14:30:00,9.16,7.06953,1.328609865470852,1.2528594936592568,2.0904699897766115,0.07575037181159527
2026-03-02 14:40:00,9.177083333333332,7.0800114,1.331203007518797,1.2539914392035105,2.0970719655354806,0.07721156831528653
2026-03-02 14:50:00,9.10125,7.06953,1.3329725609756098,1.2551409326997915,2.0317199897766116,0.07783162827581824
2026-03-02 15:00:00,9.162083333333333,7.0847826,1.3311596385542168,1.2591993634293719,2.0773007329305013,0.07196027512484493
2026-03-02 15:10:00,9.29375,7.0743012,1.340534351145038,1.2556976352829532,2.21944875717163,0.08483671586208485
2026-03-02 15:20:00,9.4625,7.0911813,1.3334801762114536,1.2598295430190691,2.3713187217712406,0.07365063319238452
2026-03-02 15:30:00,9.36125,7.103723,1.3284649122807017,1.2503514730982843,2.2575269508361817,0.07811343918241742
2026-03-02 15:40:00,9.284583333333334,7.0847826,1.332582089552239,1.2485888631720292,2.199800732930502,0.08399322638020967
2026-03-02 15:50:00,9.255416666666667,7.0858345,1.3325299401197603,1.2538209374271223,2.169582163492839,0.07870900269263803
2026-03-02 16:00:00,9.181666666666665,7.0800114,1.3288955223880596,1.2543716659089048,2.1016552988688133,0.07452385647915483
2026-03-02 16:10:00,9.285,7.0847826,1.3296449704142013,1.2537832573278627,2.200217399597168,0.0758617130863386
2026-03-02 16:20:00,9.274999999999999,7.0847826,1.3312499999999998,1.251530743209568,2.1902173995971665,0.0797192567904319
2026-03-02 16:30:00,9.401666666666667,7.0911813,1.332802359882006,1.2532564742224557,2.3104853884379075,0.07954588565955034
2026-03-02 16:40:00,9.289583333333335,7.0810633,1.33375748502994,1.250657106922791,2.208520062764487,0.0831003781071491
2026-03-02 16:50:00,9.170000000000002,7.0847826,1.3279880774962742,1.2545430874396226,2.0852173995971697,0.07344499005665162
2026-03-02 17:00:00,9.212499999999999,6.6711965,1.3285289747399702,1.2386120939752208,2.5413035392761216,0.08991688076474946
2026-03-02 17:10:00,9.132916666666668,6.6711965,1.3271492537313434,1.2379029941417132,2.4617202059427914,0.08924625958963017
2026-03-02 17:20:00,9.245833333333332,6.5713186,1.3302083333333332,1.2353905179607334,2.674514706929523,0.09481781537259981
2026-03-02 17:30:00,9.234166666666667,6.5723705,1.329301634472511,1.2347275188991003,2.661796137491862,0.09457411557341078
2026-03-02 17:40:00,9.285416666666668,6.552821,1.3277205882352943,1.233681586663755,2.7325955073038752,0.09403900157153933
2026-03-02 17:50:00,9.295833333333334,6.552821,1.3266471449487556,1.231276040918687,2.7430121739705413,0.09537110403006865
2026-03-02 18:00:00,9.332083333333335,6.5464225,1.3322568369453045,1.2300353434215003,2.78566085179647,0.10222149352380416
2026-03-02 18:10:00,8.749166666666666,5.9876213,1.3220552147239264,1.2131815635752015,2.7615453592936188,0.10887365114872494
2026-03-02 18:20:00,6.812916666666666,4.5160613,1.254688473520249,1.1662353854969236,2.2968553606669104,0.08845308802332541
2026-03-02 18:30:00,5.647083333333335,3.468955,1.2059726443768997,1.1296805622421693,2.178128293355307,0.07629208213473038
2026-03-02 18:40:00,5.195416666666667,4.5088096,1.190949464012251,1.1644550601762116,0.6866071001688638,0.026494403836039515
2026-03-02 18:50:00,3.8895833333333334,4.518373,1.1438366718027735,1.1660657768775273,-0.6287896792093912,-0.02222910507475384
2026-03-02 19:00:00,3.955,3.8167272,1.1446951219512196,1.1411424528101377,0.13827283859252937,0.0035526691410818767
2026-03-02 19:10:00,4.084583333333333,3.8120775,1.148981762917933,1.1394662508150426,0.27250581105550076,0.009515512102890478
2026-03-02 19:20:00,4.121250000000001,3.8762603,1.1494108761329305,1.141383353700029,0.2449897193908699,0.00802752243290139
2026-03-02 19:30:00,4.162083333333333,3.8961084,1.153676923076923,1.1412486424979127,0.2659749444325765,0.012428280579010353
2026-03-02 19:40:00,4.157916666666666,3.8762603,1.1521189024390244,1.1431234565147987,0.2816563860575352,0.008995445924225631
2026-03-02 19:50:00,4.11375,3.88091,1.149590909090909,1.1419845092587355,0.23284008026123004,0.007606399832173594
2026-03-02 20:00:00,4.050833333333333,3.88091,1.1504953560371516,1.1411239970814098,0.16992341359456375,0.009371358955741815
2026-03-02 20:10:00,3.987916666666667,3.8258557,1.1454559270516718,1.14213705505749,0.16206093470255567,0.0033188719941816824
2026-03-02 20:20:00,3.972916666666667,3.8249125,1.1455725190839694,1.139510488075326,0.14800411860148133,0.006062031008643443
2026-03-02 20:30:00,4.015833333333333,3.8258557,1.148276923076923,1.1401840268200591,0.18997760136922182,0.008092896256863824
2026-03-02 20:40:00,3.985416666666667,3.8258557,1.1473805855161787,1.1412623654879057,0.15956093470255572,0.006118220028273003
2026-03-02 20:50:00,3.93875,4.0894203,1.1463312693498453,1.1512266373597602,-0.15067031860351543,-0.004895368009914858
2026-03-02 21:00:00,3.9729166666666678,3.8216429,1.1480590062111802,1.141980540272621,0.15127379099528104,0.006078465938559097
2026-03-02 21:10:00,3.8987499999999997,3.8246853,1.1441756548536208,1.1425348572109058,0.07406466484069796,0.001640797642715075
2026-03-02 21:20:00,3.864583333333333,3.8263657,1.1378068475452197,1.1414988860143536,0.03821762402852347,-0.003692038469133907
2026-03-02 21:30:00,3.9162500000000002,3.7186677,1.141764705882353,1.132603656044302,0.19758225440979027,0.009161049838050994
2026-03-02 21:40:00,3.874583333333333,3.8063083,1.1383779761904762,1.137784914733058,0.0682750638326004,0.0005930614574181092
2026-03-02 21:50:00,3.8974999999999995,3.8063083,1.1389895988112926,1.1359395810535975,0.0911917304992671,0.0030500177576950893
2026-03-02 22:00:00,3.9270833333333335,3.8231902,1.1393872170781894,1.1363396212392187,0.10389312108357762,0.0030475958389706292
2026-03-02 22:10:00,3.3966666666666665,2.8501937,1.1222188905547226,1.101164283943765,0.5464729277292886,0.021054606610957594
2026-03-02 22:20:00,3.1830978260869562,3.384933,1.11557389988818,1.1217966894695963,-0.20183516875557306,-0.006222789581416421
2026-03-02 22:30:00,3.518433333333333,3.3592708,1.12418,1.1219704984356162,0.15916252225240024,0.002209501564383709
2026-03-02 22:40:00,3.497916666666668,3.650573,1.122733918128655,1.1288437534781064,-0.15265634854634458,-0.006109835349451309
2026-03-02 22:50:00,3.5179166666666664,3.5270543,1.1239794419970632,1.1237562915735078,-0.009137643178304344,0.00022315042355547376
2026-03-02 23:00:00,3.525,3.5517023,1.125705794947994,1.1251701237346632,-0.026702260971069425,0.0005356712133308683
2026-03-02 23:10:00,3.5045833333333336,3.5730195,1.1297993827160493,1.1274182289883075,-0.06843617121378553,0.002381153727741836
2026-03-02 23:20:00,3.533333333333333,3.4769537,1.1267563527653213,1.1287760646254927,0.05637958844502755,-0.002019711860171469
2026-03-02 23:30:00,3.561249999999999,3.6022902,1.1266222222222222,1.129230140035997,-0.04104015350341905,-0.002607917813774785
2026-03-02 23:40:00,3.6000000000000005,3.5910301,1.12876304023845,1.1276810709635416,0.008969879150391158,0.0010819692749084453
2026-03-02 23:50:00,3.5670833333333336,3.579267,1.1321141975308642,1.1280214733231797,-0.012183691660562879,0.004092724207684473
2026-03-03 00:00:00,3.544166666666666,3.6063669,1.1279097744360902,1.1335691434365731,-0.062200206120809565,-0.005659369000482917
2026-03-03 00:10:00,3.7008333333333328,3.5441208,1.1321726190476191,1.1279081186853854,0.156712544759114,0.004264500362233692
2026-03-03 00:20:00,3.5645833333333337,3.6877205,1.1269287833827892,1.1317043048994881,-0.12313720385233529,-0.004775521516698911
2026-03-03 00:30:00,3.612916666666667,3.545184,1.12807976366322,1.1262380022677188,0.06773276964823438,0.0018417613955012957
2026-03-03 00:40:00,3.3354166666666663,2.878522,1.1192995529061103,1.1020450901949952,0.45689474741617797,0.01725446271111508
2026-03-03 00:50:00,2.7323369565217392,2.7833745,1.0975834627329193,1.0995543802548449,-0.05103759143663478,-0.001970917521925575
2026-03-03 01:00:00,3.276116666666667,3.1434305,1.1152885630498535,1.112265373979296,0.1326861952463787,0.0030231890705574305
2026-03-03 01:10:00,3.3508333333333336,3.327859,1.118613569321534,1.1171094049806118,0.022974408467610896,0.001504164340922154
2026-03-03 01:20:00,3.3733333333333326,3.4126232,1.1197633136094673,1.1208008200721402,-0.03928983370463124,-0.0010375064626728658
2026-03-03 01:30:00,3.387826086956522,3.3420823,1.1224515453116815,1.1186538081197344,0.04574382491733742,0.0037977371919470926
2026-03-03 01:40:00,3.3939166666666667,3.3628623,1.1228567119155355,1.121549241514091,0.031054318110148138,0.0013074704014444105
2026-03-03 01:50:00,3.3354166666666667,3.353078,1.120739064856712,1.1213783851036658,-0.017661221822102835,-0.0006393202469539006
2026-03-03 02:00:00,3.3449999999999998,3.2608104,1.1216363636363635,1.1180383846231177,0.0841896247863767,0.0035979790132458778
2026-03-03 02:10:00,3.3383333333333334,3.3302379,1.1213939393939394,1.1210995587435635,0.008095467885335328,0.0002943806503759028
2026-03-03 02:20:00,3.2483333333333335,3.3338764,1.117409638554217,1.121231868050315,-0.08554303805033348,-0.0038222294960981174
2026-03-03 02:30:00,3.3604166666666675,3.3219385,1.1212781954887219,1.1200700667967278,0.03847815195719484,0.0012081286919940482
2026-03-03 02:40:00,2.5912500000000005,1.9841944,1.0942272727272728,1.0716100233838075,0.6070556020736699,0.022617249343465318
2026-03-03 02:50:00,1.659583333333333,1.5462208,1.0601661631419939,1.056226210160689,0.11336255391438765,0.003939952981304895
2026-03-03 03:00:00,1.6874999999999998,1.6461082,1.0609022556390977,1.0596776368754868,0.041391849517822044,0.0012246187636109074
2026-03-03 03:10:00,1.705,1.6461082,1.0611659192825111,1.059408414453492,0.05889184951782234,0.001757504829019041
2026-03-03 03:20:00,1.7112499999999997,1.6461082,1.0608444444444445,1.0590532071921857,0.06514184951782198,0.001791237252258826
2026-03-03 03:30:00,1.7074999999999998,1.6461082,1.06143928035982,1.058528289794922,0.06139184951782206,0.002910990564898075
2026-03-03 03:40:00,1.7479166666666668,1.6461082,1.0625186289120716,1.0592302782782193,0.10180851618448905,0.003288350633852355
2026-03-03 03:50:00,1.7487499999999998,1.6461082,1.0619940915805022,1.0588771916714936,0.10264184951782207,0.0031168999090085414
2026-03-03 04:00:00,1.7208333333333337,1.6461082,1.0612759643916914,1.0583553849506238,0.07472518285115592,0.0029205794410676056
2026-03-03 04:10:00,1.6720833333333336,1.6314195,1.061929012345679,1.0580920904255762,0.04066379388173447,0.003836921920102876
2026-03-03 04:20:00,1.6154166666666667,1.5861206,1.0581259370314842,1.0587452076099537,0.029296061197916723,-0.0006192705784695551
2026-03-03 04:30:00,1.6174999999999997,1.5912039,1.0584638554216868,1.0572547140507504,0.0262960720062253,0.0012091413709363064
2026-03-03 04:40:00,1.602916666666667,1.5874447,1.0584650455927052,1.0573775179414864,0.015472003618876462,0.0010875276512187781
2026-03-03 04:50:00,1.605833333333333,1.5737853,1.0592012288786483,1.0574025035266819,0.03204802831013964,0.001798725351966457
2026-03-03 05:00:00,1.6055978260869561,1.5850871,1.0584739724219832,1.0584363893429805,0.020510765158611388,3.758307900270097e-05
2026-03-03 05:10:00,1.5905166666666666,1.5823598,1.059182015503876,1.0576276706817118,0.008156875864664626,0.0015543448221642109
2026-03-03 05:20:00,1.5770833333333334,1.5619045,1.0580521472392639,1.0581173785897189,0.015178783734639545,-6.523135045499728e-05
2026-03-03 05:30:00,1.564166666666667,1.5598314,1.0590736179529283,1.0574171060433417,0.004335285822550716,0.0016565119095865999
2026-03-03 05:40:00,1.564166666666667,1.5511658,1.0590251572327045,1.0585826171442794,0.013000847498576107,0.00044254008842514736
2026-03-03 05:50:00,1.565018115942029,1.555584,1.0592435879851871,1.0587012812776386,0.009434162084607234,0.0005423067075485122
2026-03-03 06:00:00,1.5655333333333337,1.5517567,1.058548401084011,1.0587415800485702,0.013776593716939622,-0.00019317896455928185
2026-03-03 06:10:00,1.5637499999999998,1.5550007,1.0594770206022186,1.0581544963324943,0.008749337196349849,0.0013225242697243456
2026-03-03 06:20:00,1.6070833333333334,1.5607768,1.060740157480315,1.0593639364711078,0.04630650361378996,0.0013762210092072014
2026-03-03 06:30:00,1.6233333333333333,1.5913551,1.0609702660406886,1.0601457040140947,0.03197824796040849,0.0008245620265938669
2026-03-03 06:40:00,1.6108333333333333,1.5874447,1.0605007824726134,1.0596223347623583,0.023388670285542812,0.0008784477102550259
2026-03-03 06:50:00,1.6120833333333335,1.5875124,1.0602647975077881,1.0596248778938688,0.024570959409078164,0.0006399196139192931
2026-03-03 07:00:00,1.581666666666667,1.5778444,1.059219968798752,1.0589848366853232,0.0038222853342695373,0.00023513211342884865
2026-03-03 07:10:00,1.5729166666666665,1.5605026,1.0580769230769231,1.0584275562566081,0.012414018313089858,-0.0003506331796849782
2026-03-03 07:20:00,1.5825,1.5649887,1.0587925696594427,1.057784199347863,0.017511267662048358,0.0010083703115797427
2026-03-03 07:30:00,1.59875,1.5683362,1.0596734059097979,1.0582663621695787,0.030413751602172745,0.0014070437402191605
2026-03-03 07:40:00,1.6133333333333333,1.5763011,1.059938080495356,1.0588354997649718,0.03703223546346024,0.0011025807303841617
2026-03-03 07:50:00,1.6233333333333335,1.5985382,1.0606853582554516,1.0593884146250439,0.024795173009236837,0.0012969436304077764
2026-03-03 08:00:00,1.6191666666666662,1.595016,1.059328244274809,1.0596267664543937,0.024150664011636902,-0.0002985221795845927
2026-03-03 08:10:00,2.4108333333333327,1.8576599,1.088201219512195,1.0680669289508848,0.5531733973820998,0.02013429056131022
2026-03-03 08:20:00,3.5045833333333345,3.068648,1.1292012288786482,1.1122676134109497,0.4359352334340425,0.01693361546769845
2026-03-03 08:30:00,3.5179166666666664,3.4177833,1.1306965944272447,1.126001226187851,0.10013340632120737,0.00469536823939376
2026-03-03 08:40:00,3.4875000000000007,3.5783427,1.1291666666666667,1.1329415235726088,-0.09084267616271902,-0.0037748569059421477
2026-03-03 08:50:00,3.5116666666666663,3.5088751,1.1284756097560975,1.1299583382076688,0.002791535059610606,-0.001482728451571269
2026-03-03 09:00:00,3.5637499999999998,3.5947719,1.1323993808049535,1.131516043732806,-0.031021862030029546,0.0008833370721474942
2026-03-03 09:10:00,3.5891666666666664,3.5489106,1.1310330687830688,1.1318480724889797,0.040256048838297254,-0.0008150037059109216
2026-03-03 09:20:00,3.5712499999999996,3.5952942,1.1314570552147238,1.1312567737367418,-0.02404423713684123,0.00020028147798201168
2026-03-03 09:30:00,3.6445833333333324,3.6060967,1.1360342146189735,1.1327397574676326,0.03848658879597888,0.0032944571513409127
2026-03-03 09:40:00,3.69,3.6001232,1.138375,1.1343747371833766,0.08987683296203608,0.004000262816623357
2026-03-03 09:50:00,3.6920833333333336,3.7796466,1.1338519637462237,1.1417367488145829,-0.08756330172220839,-0.007884785068359212
2026-03-03 10:00:00,3.8395652173913053,3.9388463,1.1383627105366236,1.1427980549746048,-0.09928113232488123,-0.004435344437981215
2026-03-03 10:10:00,3.8284000000000002,3.7431245,1.1409226993865031,1.1348873688294008,0.0852755149841311,0.00603533055710237
2026-03-03 10:20:00,3.9224999999999994,3.8987021,1.1446082949308756,1.1435105083910235,0.023797855377196697,0.0010977865398520414
2026-03-03 10:30:00,4.0287500000000005,3.9055526,1.1478440366972478,1.1439835069366315,0.12319737434387257,0.003860529760616238
2026-03-03 10:40:00,4.104166666666666,3.9858232,1.1517719568567026,1.1462687396128244,0.11834351221720318,0.005503217243878256
2026-03-03 10:50:00,4.227500000000001,3.9559052,1.1565740740740742,1.146289252353192,0.2715948009490976,0.010284821720882187
2026-03-03 11:00:00,4.319999999999999,4.087062,1.1614953271028037,1.1513726622970015,0.23293811798095643,0.01012266480580215
2026-03-03 11:10:00,4.270833333333334,4.14058,1.1584234930448223,1.1547880440114815,0.13025315602620502,0.0036354490333407874
2026-03-03 11:20:00,4.283333333333333,4.0822296,1.1591331269349845,1.1514273736355294,0.20110371907552071,0.007705753299455109
2026-03-03 11:30:00,4.178750000000001,3.9852288,1.1557298136645964,1.1480580350562883,0.19352122306823816,0.007671778608308033
2026-03-03 11:40:00,4.077083333333333,4.085994,1.1521772939346813,1.1522730596317268,-0.008910433451334576,-9.576569704550231e-05
2026-03-03 11:50:00,4.060416666666667,4.045105,1.1510852713178295,1.1509837006706842,0.015311686197916785,0.00010157064714522157
2026-03-03 12:00:00,4.086666666666667,3.8464134,1.1522981366459628,1.143122358100359,0.24025329271952334,0.009175778545603919
2026-03-03 12:10:00,4.0791666666666675,3.978297,1.150384024577573,1.148259515347688,0.10086967150370363,0.002124509229884941
2026-03-03 12:20:00,2.8408333333333347,2.9192648,1.1050539291217258,1.1076226651943224,-0.07843146006266144,-0.002568736072596556
2026-03-03 12:30:00,3.5795833333333342,3.239462,1.1307610350076103,1.119795201188427,0.3401214345296233,0.010965833819183368
2026-03-03 12:40:00,3.5095833333333326,3.6410315,1.1268524096385542,1.1330057170293102,-0.13144817034403555,-0.006153307390756035
2026-03-03 12:50:00,3.5162499999999994,3.5088751,1.1290366972477064,1.1268268119857971,0.0073748683929437675,0.002209885261909239
2026-03-03 13:00:00,3.485833333333333,3.5947719,1.129705426356589,1.131918233468992,-0.1089385286966964,-0.0022128071124027926
2026-03-03 13:10:00,3.342916666666667,3.398007,1.1275516693163752,1.1264374666435775,-0.0550902493794756,0.001114202672797715
2026-03-03 13:20:00,3.4200000000000004,3.4132056,1.1309090909090909,1.1302336009014962,0.006794376373291389,0.0006754900075947035
2026-03-03 13:30:00,3.4512500000000004,3.410031,1.128219814241486,1.1305275054639605,0.04121891975402869,-0.0023076912224744284
2026-03-03 13:40:00,3.458333333333333,3.4642518,1.1309148264984228,1.1287028516409197,-0.005918423334757783,0.0022119748575031295
2026-03-03 13:50:00,3.49625,3.4495983,1.1375573770491803,1.1305841632445903,0.04665168762207017,0.006973213804589928
2026-03-03 14:00:00,3.558333333333333,3.4634075,1.1299847792998479,1.1362652137631275,0.09492581685384094,-0.006280434463279638
2026-03-03 14:10:00,3.6808333333333336,3.6001232,1.1328421052631579,1.1315113485675967,0.08071016629536976,0.0013307566955611527
2026-03-03 14:20:00,3.6333333333333333,3.7038965,1.132121212121212,1.133674460963199,-0.07056318918863935,-0.0015532488419869317
2026-03-03 14:30:00,3.7408333333333332,3.634848,1.136030303030303,1.1321762951937588,0.10598521550496409,0.0038540078365441044
2026-03-03 14:40:00,3.6587500000000004,3.6991794,1.1310597014925374,1.1345156149430708,-0.04042941093444785,-0.003455913450533421
2026-03-03 14:50:00,3.7275,3.5942433,1.1374193548387097,1.1287490133029312,0.1332567119598389,0.008670341535778503
2026-03-03 15:00:00,3.6412500000000008,3.6829698,1.1356987577639752,1.1357776887955204,-0.04171980857849045,-7.893103154521519e-05
2026-03-03 15:10:00,3.703333333333333,3.5930104,1.1367384615384615,1.133901009648483,0.11032290776570619,0.002837451889978526
2026-03-03 15:20:00,3.69875,3.6854897,1.1357339449541284,1.1360796180138222,0.013260345458984357,-0.00034567305969379625
2026-03-03 15:30:00,2.9308333333333336,2.6990886,1.1052994011976047,1.0990491219616811,0.23174475987752308,0.006250279235923584
2026-03-03 15:40:00,3.1733333333333333,3.1309085,1.1148717948717948,1.112487730151879,0.04242484410603842,0.0023840647199158127
2026-03-03 15:50:00,3.228333333333333,3.3012109,1.1188343558282208,1.1195008463449607,-0.07287754694620796,-0.0006664905167399482
2026-03-03 16:00:00,3.27125,3.289254,1.1205990783410138,1.1210768325197185,-0.01800395011901834,-0.0004777541787046591
2026-03-03 16:10:00,3.230833333333334,3.3427756,1.1194761171032357,1.1232359662033995,-0.11194224993387802,-0.0037598491001638035
2026-03-03 16:20:00,3.19,3.2882805,1.1177846153846154,1.1216005110777398,-0.09828048706054693,-0.0038158956931244603
2026-03-03 16:30:00,3.3049999999999997,3.2383623,1.1205471124620061,1.11957030076247,0.06663768768310518,0.0009768116995361176
2026-03-03 16:40:00,3.252916666666667,3.2856936,1.1208513931888544,1.1198429293183207,-0.0327769788106278,0.0010084638705336602
2026-03-03 16:50:00,3.339583333333333,3.2737503,1.1225046517809676,1.121625398334704,0.06583302815755188,0.0008792534462636059
2026-03-03 17:00:00,3.2,3.374732,1.1187017001545596,1.12379399745278,-0.17473201751708967,-0.005092297298220361
2026-03-03 17:10:00,2.4870833333333335,2.1784384,1.0923993808049535,1.0808076077303526,0.3086449082692466,0.011591773074600908
2026-03-03 17:20:00,1.6037499999999998,1.5402665,1.0600468018720748,1.0572235237334167,0.0634834861755369,0.002823278138658125
2026-03-03 17:30:00,1.6062499999999997,1.593198,1.058854961832061,1.059651717008927,0.013052058219909402,-0.0007967551768659487
2026-03-03 17:40:00,1.6110326086956523,1.585678,1.0594842809364549,1.0581011779435718,0.025354627319004397,0.001383102992883023
2026-03-03 17:50:00,1.6097666666666668,1.5875124,1.0580096096096097,1.0586158414987417,0.02225429274241142,-0.0006062318891320029
2026-03-03 18:00:00,1.6145833333333335,1.5894372,1.0572378138847858,1.0572770178855002,0.025146087010701645,-3.920400071444341e-05
2026-03-03 18:10:00,1.6070833333333336,1.5933373,1.0568879056047198,1.056484630928434,0.013746035893758446,0.00040327467628586966
2026-03-03 18:20:00,1.6187500000000004,1.5894372,1.0580717488789237,1.0562632653565533,0.02931275367736852,0.0018084835223703966
2026-03-03 18:30:00,1.6366666666666663,1.6034498,1.0581065088757395,1.0575228635505711,0.0332168451944983,0.0005836453251684137
2026-03-03 18:40:00,1.635,1.6034498,1.0588305847076462,1.0569272125966451,0.03155017852783204,0.0019033721110011115
2026-03-03 18:50:00,1.62,1.5925072,1.0586425339366516,1.0573016099486572,0.027492756843567,0.0013409239879944579
2026-03-03 19:00:00,1.6129166666666666,1.588748,1.0590091463414635,1.0575112390302426,0.024168688456217335,0.001497907311220903
2026-03-03 19:10:00,1.6112500000000005,1.585678,1.0584138972809667,1.0580126090747555,0.025572018623352566,0.0004012882062112144
2026-03-03 19:20:00,1.6158333333333335,1.5902673,1.0569456681350955,1.0576531951881247,0.02556603272755953,-0.0007075270530292332
2026-03-03 19:30:00,1.6183333333333332,1.588748,1.0577117384843981,1.0559911181748176,0.02958535512288396,0.001720620309580534
2026-03-03 19:40:00,1.6249999999999998,1.5925072,1.0580357142857142,1.0567907486415369,0.03249275684356667,0.0012449656441773094
2026-03-03 19:50:00,1.6920833333333336,1.6306187,1.0603417533432393,1.0582363818373,0.06146464188893663,0.0021053715059393685
2026-03-03 20:00:00,1.684583333333333,1.6356001,1.060796992481203,1.0583274920663366,0.04898324330647763,0.002469500414866488
2026-03-03 20:10:00,1.7008333333333328,1.6461082,1.0613834586466164,1.059408414453492,0.05472518285115502,0.001975044193124331
2026-03-03 20:20:00,1.6950000000000003,1.6356001,1.0613574660633485,1.0590291761814203,0.059399909973144815,0.002328289881928125
2026-03-03 20:30:00,1.69375,1.6356001,1.060944527736132,1.0592072430778952,0.05814990997314462,0.0017372846582368595
2026-03-03 20:40:00,1.6708333333333334,1.6327229,1.0602102102102102,1.0587486484418924,0.03811047871907558,0.0014615617683177984
2026-03-03 20:50:00,1.68125,1.6327229,1.0603139013452916,1.058836859625739,0.0485271453857421,0.001477041719552652
2026-03-03 21:00:00,1.6825,1.6327229,1.0609049773755657,1.0585730172058927,0.049777145385742294,0.002331960169672964
2026-03-03 21:10:00,1.6612499999999994,1.6373122,1.058692396313364,1.0592692189626565,0.02393782615661566,-0.0005768226492923745
2026-03-03 21:20:00,1.6554166666666665,1.6373122,1.058,1.0578466666642057,0.018104492823282747,0.00015333333579437003
2026-03-03 21:30:00,1.645833333333333,1.6194985,1.0553221288515406,1.0567415529794066,0.026334842046101592,-0.001419424127865998
2026-03-03 21:40:00,1.6479166666666667,1.6176369,1.0569884726224783,1.0543743502192138,0.03027974764506025,0.0026141224032645294
2026-03-03 21:50:00,1.659583333333333,1.6373122,1.0587463126843657,1.0566217466458807,0.022271159489949177,0.0021245660384849874
2026-03-03 22:00:00,1.6575,1.6327229,1.059020771513353,1.057795499278381,0.02477714538574216,0.0012252722349721523
2026-03-03 22:10:00,1.654583333333333,1.6160976,1.0585693215339234,1.0575465009898743,0.038485763867695866,0.001022820544049008
2026-03-03 22:20:00,1.6479166666666663,1.6115083,1.0588541666666667,1.057044539831381,0.03640841643015502,0.001809626835285627
2026-03-03 22:30:00,1.6454166666666665,1.6115083,1.0591167664670658,1.0575538660798753,0.0339084164301553,0.0015629003871904246
2026-03-03 22:40:00,1.6608333333333332,1.6327229,1.059139465875371,1.0586607013633864,0.02811047871907535,0.00047876451198458625
2026-03-03 22:50:00,1.6574999999999998,1.6327229,1.059020771513353,1.058138499274098,0.02477714538574194,0.0008822722392549665
2026-03-03 23:00:00,1.664166666666667,1.6327229,1.0595269569725245,1.0581384992740983,0.031443812052409204,0.0013884576984262154
2026-03-03 23:10:00,1.6662500000000002,1.6461082,1.060499243570348,1.0588810069379317,0.020141849517822497,0.0016182366324162256
2026-03-03 23:20:00,1.6645833333333337,1.6356001,1.0601656626506024,1.0593863875350145,0.02898324330647828,0.0007792751155879518
2026-03-03 23:30:00,1.6700000000000006,1.6356001,1.0607272727272727,1.0591180755431393,0.034399909973145126,0.0016091971841334374
2026-03-03 23:40:00,1.6633333333333336,1.6356001,1.0616049382716048,1.0594763669100675,0.027733243306478084,0.0021285713615373236
2026-03-03 23:50:00,1.6491666666666671,1.6327229,1.0614596273291925,1.0604712168375652,0.0164438120524093,0.000988410491627345
2026-03-04 00:00:00,1.6558333333333333,1.6327229,1.0607645259938838,1.0608468144576741,0.023110478719075456,-8.22884637903254e-05
2026-03-04 00:10:00,1.6637500000000003,1.6356001,1.059597014925373,1.0600220216523617,0.028149909973144815,-0.0004250067269886415
2026-03-04 00:20:00,1.6725000000000003,1.6356001,1.0600898203592815,1.0585886599412604,0.03689990997314485,0.0015011604180210636
2026-03-04 00:30:00,1.679583333333333,1.6356001,1.0605255255255255,1.0587640750907852,0.043983243306477515,0.001761450434740297
2026-03-04 00:40:00,1.7075000000000005,1.6461082,1.0620909090909092,1.0593192126299884,0.06139184951782273,0.0027716964609207917
2026-03-04 00:50:00,1.6949999999999998,1.6461082,1.0606259314456037,1.0598584781993519,0.048891849517822106,0.0007674532462518258
2026-03-04 01:00:00,1.696666666666667,1.6461082,1.062262996941896,1.0588771916714936,0.050558516184489255,0.003385805270402331
2026-03-04 01:10:00,1.73,1.6461082,1.0631003039513678,1.0604076385498047,0.08389184951782225,0.002692665401563099
2026-03-04 01:20:00,1.7337499999999997,1.6461082,1.0624774774774774,1.0600404188625718,0.08764184951782195,0.0024370586149056184
2026-03-04 01:30:00,1.6891666666666665,1.6461082,1.060688622754491,1.0593192126299884,0.04305851618448875,0.0013694101245025347
2026-03-04 01:40:00,1.6781818181818182,1.6461082,1.0604255319148936,1.0591416101969644,0.032073667699640485,0.0012839217179292373
2026-03-04 01:50:00,1.6654166666666668,1.6327229,1.0601052631578947,1.0587887116227719,0.032693812052408955,0.0013165515351227786
2026-03-04 02:00:00,1.688333333333333,1.6448048,1.0607496251874062,1.059361377515291,0.04352849801381398,0.001388247672115206
2026-03-04 02:10:00,1.6925,1.6448048,1.0617325227963526,1.0591833823803125,0.04769516468048085,0.002549140416040041
2026-03-04 02:20:00,1.6879166666666663,1.6342968,1.061285930408472,1.0596096088096363,0.05361989180246951,0.001676321598835795
2026-03-04 02:30:00,1.694583333333333,1.6448048,1.061342383107089,1.0597205991644,0.049778498013814065,0.0016217839426888592
2026-03-04 02:40:00,1.6679166666666667,1.6314195,1.0606515151515152,1.0590559109303745,0.03649712721506759,0.0015956042211406896
2026-03-04 02:50:00,1.6483333333333332,1.6102049,1.0597583081570996,1.0585529067299582,0.03812839825948067,0.0012054014271414282
2026-03-04 03:00:00,1.6362499999999995,1.6102049,1.0591415662650603,1.0583760097307742,0.026045064926147,0.0007655565342861159
2026-03-04 03:10:00,1.662083333333333,1.6293154,1.0598050974512743,1.0588909172150025,0.03276795705159463,0.0009141802362717666
2026-03-04 03:20:00,1.6616666666666662,1.6314195,1.0600602409638553,1.0587017525439857,0.03024712721506706,0.00135848841986963
2026-03-04 03:30:00,1.6695833333333332,1.6314195,1.0602556390977445,1.0589669713054795,0.038163793881734076,0.001288667792264997
2026-03-04 03:40:00,1.6741666666666664,1.6314195,1.0606948640483385,1.058878299168178,0.04274712721506724,0.001816564880160465
2026-03-04 03:50:00,1.6349999999999998,1.6067767,1.06,1.0582517237821734,0.028223285675048615,0.0017482762178266942
2026-03-04 04:00:00,1.628333333333333,1.6021465,1.0599386503067485,1.0587943672040188,0.02618682702382369,0.0011442831027297373
2026-03-04 04:10:00,1.6225000000000003,1.6021465,1.058821752265861,1.0589747180236628,0.020353493690490998,-0.0001529657578018817
2026-03-04 04:20:00,1.6016666666666666,1.5912039,1.0578915662650603,1.0576871514680521,0.010462738672892158,0.00020441479700816778
2026-03-04 04:30:00,1.5983333333333336,1.5749978,1.0574251497005989,1.0569276307002609,0.02333555062611925,0.0004975190003380092
2026-03-04 04:40:00,1.5879166666666669,1.5712385,1.0578300455235206,1.0564516832728585,0.016678148905436396,0.001378362250662013
2026-03-04 04:50:00,1.5820833333333337,1.5684348,1.0568413173652695,1.0571205402542136,0.013648498853048086,-0.0002792228889441084
2026-03-04 05:00:00,1.5950000000000002,1.5707922,1.058,1.0564356478388437,0.02420780181884785,0.0015643521611563571
2026-03-04 05:10:00,1.5858333333333334,1.5749978,1.0577541729893778,1.0572726466438986,0.010835550626119073,0.0004815263454791552
2026-03-04 05:20:00,1.5899999999999996,1.5721941,1.0582595419847327,1.0572574482340371,0.017805900573730105,0.0010020937506955985
2026-03-04 05:30:00,1.5924999999999994,1.5691472,1.0580851063829786,1.0574954709933915,0.023352770805358247,0.0005896353895871176
2026-03-04 05:40:00,1.5791666666666664,1.5677233,1.0574242424242424,1.057181396020582,0.011443392435709354,0.00024284640366034616
2026-03-04 05:50:00,1.57625,1.5663214,1.0577557251908396,1.0569571408358487,0.009928627014160085,0.0007985843549909166
2026-03-04 06:00:00,1.5799999999999996,1.5663214,1.0578048780487805,1.0573919281704736,0.013678627014159783,0.0004129498783069785
2026-03-04 06:10:00,1.5770833333333332,1.5663214,1.057874617737003,1.0573044404750918,0.010761960347493327,0.000570177261911331
2026-03-04 06:20:00,1.5883333333333332,1.5668492,1.0579331306990882,1.0574990543750449,0.02148410161336245,0.00043407632404335317
2026-03-04 06:30:00,1.5900000000000003,1.5682511,1.0572113943028485,1.05720064922669,0.02174886703491241,1.0745076158391598e-05
2026-03-04 06:40:00,1.59375,1.5691472,1.0569196428571428,1.056461069716149,0.024602770805358887,0.0004585731409938454
2026-03-04 06:50:00,1.5904166666666666,1.5719509,1.0568852459016393,1.0561411040169852,0.018465754191080652,0.0007441418846541037
2026-03-04 07:00:00,1.6187500000000004,1.5838491,1.0585090361445784,1.056650339402314,0.03490092754364049,0.0018586967422644651
2026-03-04 07:10:00,1.66125,1.6333121,1.0584604105571846,1.0590353773300907,0.02793789386749257,-0.000574966772906027
2026-03-04 07:20:00,1.71875,1.6503409,1.0596098265895955,1.0580765131281968,0.06840908527374268,0.0015333134613986221
2026-03-04 07:30:00,1.6758333333333328,1.630827,1.059940387481371,1.0565604722568755,0.045006383260090654,0.0033799152244955444
2026-03-04 07:40:00,1.6566666666666663,1.6314195,1.0596996996996997,1.0583518166122778,0.025247127215067167,0.0013478830874218417
2026-03-04 07:50:00,1.6512499999999997,1.6102049,1.0591492537313432,1.0580254030657243,0.04104506492614712,0.0011238506656188196
2026-03-04 08:00:00,1.6516666666666664,1.6096123,1.058813056379822,1.0576577556667044,0.04205432097117079,0.0011553007131175352
2026-03-04 08:10:00,1.6362499999999995,1.6102049,1.0594999999999999,1.0573366742459531,0.026045064926147,0.002163325754046763
2026-03-04 08:20:00,1.6516666666666664,1.6128099,1.0582941176470588,1.058647632598877,0.03885677019755018,-0.00035351495181812354
2026-03-04 08:30:00,1.6570833333333332,1.6361287,1.0583137829912024,1.0577457175535314,0.02095466931660961,0.0005680654376709615
2026-03-04 08:40:00,1.6254166666666665,1.6037123,1.0578783382789316,1.0564356241757569,0.02170434633890772,0.0014427141031747581
2026-03-04 08:50:00,1.6208333333333331,1.6016082,1.0578008915304606,1.0570305575249104,0.019225176175435177,0.0007703340055502661
2026-03-04 09:00:00,1.6262499999999998,1.6034498,1.0576514032496307,1.0571809743169867,0.022800178527831783,0.0004704289326440403
2026-03-04 09:10:00,1.6529166666666666,1.6139934,1.058510324483776,1.05721690066632,0.03892326037089022,0.0012934238174560075
2026-03-04 09:20:00,1.6620833333333331,1.6373122,1.058834808259587,1.057957953056403,0.024771159489949346,0.0008768552031841459
2026-03-04 09:30:00,1.7187500000000004,1.6506975,1.0608407079646018,1.058431768839338,0.06805253028869673,0.0024089391252637427
2026-03-04 09:40:00,1.7249999999999996,1.6522368,1.0603498542274052,1.058486259089107,0.0727631807327267,0.0018635951382981464
2026-03-04 09:50:00,1.7370833333333335,1.6461082,1.0620386904761905,1.0575897895212423,0.0909751828511558,0.0044489009549482095
2026-03-04 10:00:00,1.7312500000000002,1.6506975,1.0611929307805597,1.058953481061118,0.08055253028869647,0.0022394497194415663
2026-03-04 10:10:00,1.7591666666666668,1.6506975,1.0618155197657393,1.058345713215127,0.10846919695536306,0.003469806550612242
2026-03-04 10:20:00,1.7887499999999998,1.6522368,1.0625801749271138,1.0580581019947504,0.1365131807327269,0.004522072932363397
2026-03-04 10:30:00,1.8116666666666665,1.6506975,1.0636603221083456,1.0577503487945645,0.16096919695536283,0.0059099733137810695
2026-03-04 10:40:00,1.7816666666666667,1.6506975,1.062606149341142,1.0580040106487134,0.13096919695536302,0.004602138692428648
2026-03-04 10:50:00,1.760833333333333,1.6506975,1.0617365345528456,1.0580040106487134,0.11013586362202932,0.0037325239041321456
2026-03-04 11:00:00,1.7387499999999991,1.6461082,1.0618222222222222,1.0577141577150764,0.0926418495178214,0.004108064507145848
2026-03-04 11:10:00,1.6904166666666662,1.6461082,1.0599261447562778,1.058528289794922,0.0443085161844885,0.0013978549613558044
2026-03-04 11:20:00,1.6312499999999996,1.6067151,1.057488986784141,1.0569588803470222,0.024534916877746227,0.0005301064371188158
2026-03-04 11:30:00,1.6166666666666667,1.5925072,1.057311669128508,1.056123603283046,0.02415942351023359,0.0011880658454619386
2026-03-04 11:40:00,1.625,1.595016,1.0583832335329342,1.05654414189619,0.029983997344970703,0.0018390916367441168
2026-03-04 11:50:00,1.65625,1.6094041,1.058714918759232,1.057822901331736,0.04684591293334961,0.0008920174274960058
2026-03-04 12:00:00,2.5429166666666667,2.165821,1.08975,1.0767794768250323,0.3770955912272136,0.012970523174967719
2026-03-04 12:10:00,3.497083333333333,3.1126652,1.1234264705882353,1.1098587709314682,0.3844181569417313,0.013567699656767074
2026-03-04 12:20:00,3.5441666666666665,3.4881108,1.1271449925261585,1.1231097922605626,0.05605588595072408,0.004035200265595895
2026-03-04 12:30:00,3.5729166666666665,3.621441,1.1272255192878338,1.1299171618816564,-0.048524220784505356,-0.0026916425938225963
2026-03-04 12:40:00,3.6558333333333337,3.62325,1.129029411764706,1.1290178044259724,0.03258332570393918,1.1607338733510275e-05
2026-03-04 12:50:00,3.717916666666667,3.9338744,1.1314138438880708,1.1388426247765036,-0.21595770200093556,-0.0074287808884327955
2026-03-04 13:00:00,3.8733333333333344,3.747612,1.1363049853372433,1.1324634580092507,0.12572133382161566,0.0038415273279925888
2026-03-04 13:10:00,3.6158333333333337,3.7628748,1.1577818181818182,1.1324178829920257,-0.1470415083567298,0.02536393518979252
2026-03-04 13:20:00,3.389583333333333,3.5243776,1.1680785123966941,1.1537910218672318,-0.1347942511240645,0.014287490529462321
2026-03-04 13:30:00,3.32,3.367481,1.166,1.1669825285919442,-0.04748099327087418,-0.000982528591944254
2026-03-04 13:40:00,3.3079166666666664,3.329817,1.1633539094650205,1.1664908528327942,-0.021900389989217395,-0.0031369433677737035
2026-03-04 13:50:00,2.51375,2.6745577,1.119702380952381,1.132076922758126,-0.16080768585205085,-0.012374541805745043
2026-03-04 14:00:00,3.17625,2.9576023,1.15125,1.140838202976045,0.21864773750305178,0.010411797023955005
2026-03-04 14:10:00,3.2170833333333344,3.2562113,1.1531944444444444,1.1550576800391787,-0.0391279474894195,-0.001863235594734336
2026-03-04 14:20:00,3.2526992753623185,3.2584863,1.1545837279380111,1.1551660129002164,-0.005786995542222506,-0.0005822849622052484
2026-03-04 14:30:00,3.3003666666666667,3.3026907,1.1571603174603176,1.156959560129902,-0.0023240777333577434,0.00020075733041546862
2026-03-04 14:40:00,3.4083333333333337,3.312181,1.1616600790513834,1.1577229045686268,0.09615233739217155,0.003937174482756545
2026-03-04 14:50:00,3.42,3.3862936,1.1648192771084338,1.1606147185615872,0.033706350326538015,0.004204558546846648
2026-03-04 15:00:00,3.366666666666667,3.3891037,1.1683333333333334,1.1633302964359882,-0.02243698438008579,0.00500303689734527
2026-03-04 15:10:00,3.4333333333333336,3.3733003,1.163817097415507,1.1686650156974792,0.06003301938374861,-0.004847918281972063
2026-03-04 15:20:00,3.4670833333333344,3.434931,1.1600192307692307,1.1638933299313008,0.03215229352315374,-0.003874099162070044
2026-03-04 15:30:00,3.4816666666666674,3.4482868,1.1628849902534113,1.1591516971588134,0.03337989489237536,0.0037332930945979115
2026-03-04 15:40:00,3.6212499999999994,3.4560351,1.162752808988764,1.161685854370831,0.16521486282348574,0.0010669546179329359
2026-03-04 15:50:00,4.226032608695653,3.849793,1.1867859716550564,1.1730244025755465,0.3762396513897448,0.013761569079509872
2026-03-04 16:00:00,6.901716666666667,6.0369225,1.3143096774193548,1.2668253018711153,0.8647942118326828,0.04748437554823948
2026-03-04 16:10:00,6.82375,6.6888328,1.3055410447761195,1.3046147746424521,0.1349172401428227,0.0009262701336674173
2026-03-04 16:20:00,8.605416666666667,6.9700594,1.3845996275605215,1.3120922117090936,1.635357271830241,0.07250741585142784
2026-03-04 16:30:00,7.823333333333333,6.9370885,1.361772639691715,1.3100374743925127,0.8862448438008625,0.05173516529920219
2026-03-04 16:40:00,7.555000000000001,6.8577366,1.3395505617977528,1.3171207670531522,0.6972634124755865,0.022429794744600606
2026-03-04 16:50:00,5.770833333333334,6.163799,1.2555350553505535,1.277024665575349,-0.39296547571817975,-0.021489610224795452
2026-03-04 17:00:00,4.564166666666668,4.5511036,1.200255941499086,1.201524882298994,0.013063074747722503,-0.0012689407999078028
2026-03-04 17:10:00,2.870416666666667,3.0592828,1.1257116788321169,1.1342281292735767,-0.18886611302693668,-0.008516450441459877
2026-03-04 17:20:00,3.3841666666666668,3.2212474,1.1504074074074073,1.1410765299831864,0.1629192320505779,0.009330877424220896
2026-03-04 17:30:00,3.3391666666666664,3.4405484,1.147859778597786,1.1529132631089953,-0.10138175328572618,-0.00505348451120935
2026-03-04 17:40:00,3.324583333333334,3.318693,1.1508317580340266,1.1469531921443024,0.005890410741170804,0.003878565889724239
2026-03-04 17:50:00,3.224166666666667,3.32678,1.146,1.1509314214349469,-0.10261341412862102,-0.004931421434946959
2026-03-04 18:00:00,3.1008333333333336,3.1608639,1.1422944550669216,1.1431334585513708,-0.060030543009439885,-0.0008390034844492078
2026-03-04 18:10:00,3.1375,3.0416727,1.1450867052023121,1.1395796270716942,0.09582729339599627,0.005507078130617904
2026-03-04 18:20:00,3.0549999999999997,3.0895107,1.1432031249999999,1.1428675458610402,-0.0345106792449954,0.00033557913895965186
2026-03-04 18:30:00,3.1129166666666674,3.0537653,1.148234126984127,1.1431452482938766,0.059151369730632286,0.00508887869025032
2026-03-04 18:40:00,1.9770833333333335,1.5560515,1.0949,1.0740976901281447,0.4210318406422935,0.020802309871855273
2026-03-04 18:50:00,1.5099999999999998,1.5325724,1.0714792899408283,1.0735634746551515,-0.02257238864898703,-0.002084184714323145
2026-03-04 19:00:00,1.523333333333333,1.4934094,1.0721104536489152,1.0706939358683027,0.029923938115437476,0.0014165177806124696
2026-03-04 19:10:00,1.5299999999999998,1.5126257,1.0731474103585656,1.071603583160942,0.01737430572509746,0.0015438271976235818
2026-03-04 19:20:00,1.4891666666666667,1.5063715,1.0709126984126984,1.0720177608657169,-0.017204831441243407,-0.001105062453018446
2026-03-04 19:30:00,1.489166666666667,1.481995,1.071195219123506,1.0705711898349581,0.007171680132548319,0.0006240292885477672
2026-03-04 19:40:00,1.4895833333333333,1.481995,1.0709325396825398,1.0708523499538225,0.007588346799214607,8.018972871726149e-05
2026-03-04 19:50:00,1.4891666666666665,1.481995,1.0709126984126984,1.0705711898349581,0.007171680132547875,0.0003415085777402904
2026-03-04 20:00:00,1.4891666666666667,1.4804685,1.0709126984126984,1.0704985005514962,0.008698155085245851,0.0004141978612022257
2026-03-04 20:10:00,1.488333333333333,1.481995,1.070873015873016,1.0705711898349581,0.006338346799214412,0.0003018260380578397
2026-03-04 20:20:00,1.4854166666666664,1.473298,1.070734126984127,1.0701570454097928,0.01211871306101453,0.0005770815743342261
2026-03-04 20:30:00,1.4817391304347827,1.4724575,1.07055900621118,1.070117025148301,0.009281602320463822,0.000441981062879071
2026-03-04 20:40:00,1.4808666666666668,1.4719124,1.0709397205588822,1.070091065906343,0.00895428263346365,0.0008486546525392491
2026-03-04 20:50:00,1.4812499999999997,1.4719124,1.0705357142857144,1.070510772887818,0.009337615966796609,2.4941397896327544e-05
2026-03-04 21:00:00,1.4779166666666672,1.4719124,1.0703769841269841,1.070091065906343,0.006004282633464086,0.0002859182206411681
2026-03-04 21:10:00,1.4787500000000002,1.4673686,1.0704166666666666,1.0698746953691756,0.011381397247314684,0.0005419712974910063
2026-03-04 21:20:00,1.4808333333333337,1.4673686,1.070515873015873,1.0698746953691756,0.013464730580648121,0.0006411776466974661
2026-03-04 21:30:00,1.4762499999999996,1.4719124,1.071002004008016,1.070091065906343,0.004337615966796493,0.0009109381016729756
2026-03-04 21:40:00,1.4720833333333332,1.4608651,1.0718089430894309,1.070262050819779,0.011218193372090512,0.0015468922696517673
2026-03-04 21:50:00,1.4683333333333335,1.4548517,1.0734166666666667,1.0709683778809338,0.013481586774190424,0.0024482887857328883
2026-03-04 22:00:00,1.4629166666666669,1.4531373,1.0731458333333332,1.072656863927841,0.009779388109843135,0.0004889694054921456
2026-03-04 22:10:00,1.4304166666666664,1.4338635,1.0715208333333333,1.0716931760311126,-0.0034468539555869704,-0.00017234269777932631
2026-03-04 22:20:00,1.4245833333333335,1.4099478,1.0693509127789047,1.0704973876476287,0.014635580380757851,-0.00114647486872399
2026-03-04 22:30:00,1.4254166666666666,1.4029666,1.0678769841269842,1.0682985777787215,0.022450048128763722,-0.00042159365173732866
2026-03-04 22:40:00,1.4091666666666671,1.3951797,1.06764,1.0664371308826266,0.013986918131510873,0.0012028691173733286
2026-03-04 22:50:00,1.4120833333333334,1.3959183,1.0672420634920634,1.0670040760040282,0.016165083249410017,0.0002379874880351629
2026-03-04 23:00:00,1.4054166666666665,1.3886262,1.0669246031746031,1.066125057992481,0.016790448824564486,0.0007995451821221078
2026-03-04 23:10:00,1.3900000000000003,1.3876253,1.0664541832669323,1.066077396983192,0.002374663352966655,0.00037678628374027134
2026-03-04 23:20:00,1.3779166666666665,1.3762225,1.0658764940239043,1.0657954975903272,0.0016941754023231947,8.099643357706299e-05
2026-03-04 23:30:00,1.365,1.3567326,1.065,1.0648637102894574,0.008267393112182608,0.00013628971054258088
2026-03-04 23:40:00,1.3808333333333334,1.3589245,1.0657539682539683,1.0647106908616566,0.02190882523854576,0.0010432773923116923
2026-03-04 23:50:00,1.3904166666666666,1.374658,1.0662103174603175,1.0654599042165847,0.015758678118387826,0.000750413243732817
2026-03-05 00:00:00,1.37875,1.3871502,1.0659163346613545,1.0660547699247087,-0.008400168418884357,-0.00013843526335421963
2026-03-05 00:10:00,1.3620833333333333,1.364727,1.064861111111111,1.0652459133193788,-0.0026436869303385624,-0.0003848022082677538
2026-03-05 00:20:00,1.3616666666666668,1.3589245,1.06484126984127,1.0647106908616566,0.002742158571879205,0.0001305789796133272
2026-03-05 00:30:00,1.363333333333333,1.3683803,1.0651792828685258,1.0651609670548212,-0.005046974817912053,1.8315813704594675e-05
2026-03-05 00:40:00,1.3741666666666665,1.3683803,1.065436507936508,1.0654205725012547,0.005786358515421419,1.5935435253355834e-05
2026-03-05 00:50:00,1.3779166666666667,1.3741828,1.0658764940239043,1.0654372771581013,0.003733846346537284,0.0004392168658029494
2026-03-05 01:00:00,1.377916666666667,1.3741828,1.0656150793650794,1.0656979834415998,0.003733846346537506,-8.29040765204514e-05
2026-03-05 01:10:00,1.4000000000000006,1.3829509,1.065242718446602,1.0658548048564367,0.01704909801483212,-0.0006120864098346779
2026-03-05 01:20:00,1.4220833333333336,1.4036138,1.06666015625,1.0654111288126233,0.018469527562459565,0.0012490274373766486
2026-03-05 01:30:00,1.4233333333333338,1.4106622,1.067244094488189,1.06612478941679,0.012671159108480268,0.0011193050713989017
2026-03-05 01:40:00,1.4458333333333335,1.4165471,1.0679060665362035,1.066923483150212,0.029286273320516143,0.0009825833859915534
2026-03-05 01:50:00,1.4604166666666667,1.4363174,1.0679263565891473,1.0674591363059565,0.024099222819010446,0.00046722028319079456
2026-03-05 02:00:00,1.46625,1.4527946,1.0666477272727273,1.0675718396209006,0.013455448150634819,-0.000924112348173356
2026-03-05 02:10:00,1.4508333333333336,1.4531275,1.0663238095238095,1.0660512501543218,-0.002294170061746925,0.00027255936948766823
2026-03-05 02:20:00,1.4248913043478262,1.4304671,1.0660181299311735,1.0653927830287389,-0.005575824405835927,0.0006253469024346536
2026-03-05 02:30:00,1.4282666666666668,1.411822,1.0657934740882917,1.0654126005283193,0.01644470526377373,0.0003808735599724056
2026-03-05 02:40:00,1.427916666666667,1.4128671,1.065152091254753,1.0650840876427357,0.01504959742228218,6.800361201730887e-05
2026-03-05 02:50:00,1.4370833333333337,1.4181848,1.0655703422053233,1.0647080497596653,0.018898576100667697,0.0008622924456580527
2026-03-05 03:00:00,1.4408333333333334,1.4274234,1.0654924242424242,1.0651295828728622,0.013409975369771399,0.00036284136956199475
2026-03-05 03:10:00,1.4195833333333336,1.4235595,1.0652681992337165,1.064707252112302,-0.003976213137308449,0.0005609471214145234
2026-03-05 03:20:00,1.4241666666666672,1.4131259,1.0647348484848485,1.064971304487908,0.011040794054667735,-0.00023645600305965964
2026-03-05 03:30:00,1.4337500000000003,1.41726,1.0651704545454546,1.064420911398801,0.016489949226379697,0.0007495431466535418
2026-03-05 03:40:00,1.4345833333333333,1.4222885,1.0655809523809523,1.0646494789557024,0.012294796307881661,0.0009314734252499068
2026-03-05 03:50:00,1.426666666666667,1.4193398,1.0649715370018975,1.0648841040475028,0.0073268906275434365,8.743295439472831e-05
2026-03-05 04:00:00,1.4341666666666666,1.4189539,1.0650661625708884,1.0646202912593024,0.015212771097818933,0.00044587131158602133
2026-03-05 04:10:00,1.435416666666667,1.4230176,1.0654942965779468,1.0645603457560837,0.012399045626322769,0.0009339508218630943
2026-03-05 04:20:00,1.4129166666666668,1.4162226,1.0659727626459143,1.064618520410342,-0.0033059056599933356,0.001354242235572345
2026-03-05 04:30:00,1.4220833333333334,1.4052469,1.0664007782101168,1.0656146390892651,0.01683647950490319,0.000786139120851681
2026-03-05 04:40:00,1.3941666666666668,1.4020044,1.0641316666666667,1.065463238653042,-0.00783769448598215,-0.0013315719863753461
2026-03-05 04:50:00,1.3975,1.4029055,1.0646242774566474,1.0645336513519288,-0.005405464172363317,9.062610471866073e-05
2026-03-05 05:00:00,1.3825,1.3952099,1.0639306358381504,1.0645183772710016,-0.012709908485412535,-0.0005877414328512298
2026-03-05 05:10:00,1.3645833333333335,1.3815302,1.0629807692307693,1.0638857880079677,-0.016946832338968765,-0.0009050187771983964
2026-03-05 05:20:00,1.3541666666666667,1.3505151,1.064102564102564,1.0623314674084003,0.0036515394846599047,0.001771096694163754
2026-03-05 05:30:00,1.3533333333333333,1.3476527,1.0643168316831684,1.0637942094069262,0.0056806596120198005,0.0005226222762422239
2026-03-05 05:40:00,1.3456884057971017,1.3471837,1.0638271180615226,1.064024572089167,-0.0014952985791190088,-0.0001974540276443726
2026-03-05 05:50:00,1.3557333333333335,1.3481432,1.064303557312253,1.0639435519342837,0.0075901133855185154,0.0003600053779693191
2026-03-05 06:00:00,1.3529166666666668,1.3476527,1.064043392504931,1.063920284919588,0.005263992945353291,0.000123107585343174
2026-03-05 06:10:00,1.3533333333333333,1.3471837,1.063686274509804,1.063772009674614,0.006149628957112574,-8.573516481003018e-05
2026-03-05 06:20:00,1.3579166666666669,1.3471837,1.0641535433070866,1.0633968802059397,0.01073296229044618,0.0007566631011468594
2026-03-05 06:30:00,1.3541666666666665,1.3490342,1.064484126984127,1.063733898748563,0.005132476488749038,0.0007502282355640322
2026-03-05 06:40:00,1.3504166666666668,1.3405248,1.0640513833992096,1.063834513936724,0.009891873995463207,0.00021686946248555827
2026-03-05 06:50:00,1.33625,1.3393897,1.0633794466403161,1.0635283643549138,-0.0031396818161011364,-0.000148917714597685
2026-03-05 07:00:00,1.315,1.324996,1.0626190476190476,1.062845659821401,-0.009995994567871147,-0.0002266122023533157
2026-03-05 07:10:00,1.3716666666666666,1.3478295,1.0653174603174602,1.0641823552903675,0.023837205568949305,0.0011351050270926866
2026-03-05 07:20:00,1.3604166666666668,1.355321,1.0647817460317461,1.0645390976042974,0.0050956169764202475,0.00024264842744869952
2026-03-05 07:30:00,1.3345833333333337,1.3420683,1.0636834370677732,1.0639080149786813,-0.007484981218973452,-0.00022457791090801926
2026-03-05 07:40:00,1.3258333333333334,1.336383,1.06364,1.0637693125677306,-0.01054965178171785,-0.00012931256773063282
2026-03-05 07:50:00,1.3243478260869563,1.3269216,1.0633154339165078,1.0636922359466552,-0.0025737561350285265,-0.0003768020301473385
2026-03-05 08:00:00,1.3277500000000002,1.3238885,1.0632261904761906,1.0632934760287465,0.003861459732055872,-6.728555255586244e-05
2026-03-05 08:10:00,1.3254166666666667,1.3269216,1.0631150793650794,1.0631867420105707,-0.0015049155553181759,-7.166264549129941e-05
2026-03-05 08:20:00,1.3370833333333332,1.3342404,1.0639243027888445,1.0635352588835216,0.0028428967793781013,0.00038904390532290556
2026-03-05 08:30:00,1.3466666666666667,1.3471943,1.064126984126984,1.0644076962869955,-0.0005276473363240441,-0.0002807121600114648
2026-03-05 08:40:00,1.3629166666666668,1.3545344,1.0649007936507937,1.0645016375042142,0.0083822790781658,0.0003991561465794824
2026-03-05 08:50:00,1.3645833333333333,1.3677877,1.0653862847222222,1.0651327485129947,-0.0032043854395549243,0.00025353620922752285
2026-03-05 09:00:00,1.3616666666666668,1.3583319,1.0656224899598394,1.065086737771829,0.003334747950236139,0.0005357521880104965
2026-03-05 09:10:00,1.35375,1.3569775,1.0653722334004023,1.06539650422981,-0.0032274627685546786,-2.4270829407591066e-05
2026-03-05 09:20:00,1.3541666666666665,1.3665298,1.065,1.0659893676788514,-0.012363155682881821,-0.0009893676788514938
2026-03-05 09:30:00,1.3470833333333334,1.3505605,1.0649196787148594,1.0648269062042237,-0.0034772125879922733,9.277251063566361e-05
2026-03-05 09:40:00,1.32375,1.3416916,1.0640524193548386,1.064659836780594,-0.017941613197326678,-0.0006074174257553189
2026-03-05 09:50:00,1.3608333333333338,1.3383225,1.0658467741935485,1.0647575413027117,0.022510813077291303,0.0010892328908367332
2026-03-05 10:00:00,1.40625,1.3776069,1.0675,1.0666583968747048,0.028643131256103516,0.0008416031252951317
2026-03-05 10:10:00,1.4562500000000007,1.4182469,1.0706060606060606,1.068075849533081,0.03800313472747874,0.0025302110729794602
2026-03-05 10:20:00,1.4808333333333337,1.459952,1.07108,1.0707855513601592,0.020881336530049976,0.0002944486398408497
2026-03-05 10:30:00,1.486666666666667,1.4795967,1.0707936507936509,1.0710206432342528,0.00706993261973099,-0.00022699244060198076
2026-03-05 10:40:00,1.4995833333333337,1.4753145,1.0727070707070707,1.0702530713308425,0.02426883538564084,0.0024539993762282553
2026-03-05 10:50:00,1.6120833333333335,1.5304276,1.079282786885246,1.0742025490963099,0.08165575822194437,0.005080237788936071
2026-03-05 11:00:00,3.2829166666666674,2.9798272,1.162789256198347,1.1465488769969001,0.3030895010630297,0.01624037920144694
2026-03-05 11:10:00,3.290416666666667,3.2867656,1.1621560574948666,1.1629801111773026,0.0036510912577316645,-0.0008240536824359879
2026-03-05 11:20:00,3.3099999999999996,3.312716,1.1631211498973306,1.1632549983030471,-0.0027160072326664064,-0.0001338484057165079
2026-03-05 11:30:00,3.3962500000000007,3.3301892,1.168409090909091,1.164116101588067,0.06606077194213933,0.0042929893210239545
2026-03-05 11:40:00,3.4775000000000005,3.3937538,1.173875,1.1682853107610025,0.08374623298645067,0.005589689238997497
2026-03-05 11:50:00,3.517083333333333,3.4391315,1.1758541666666666,1.1719565749168397,0.0779518349965409,0.0038975917498269563
2026-03-05 12:00:00,3.5516666666666663,3.5523918,1.1768464730290455,1.1776195883750915,-0.0007251008351647492,-0.0007731153460459605
2026-03-05 12:10:00,3.526666666666667,3.5523918,1.1756016597510373,1.1768825776349459,-0.025725100835164216,-0.0012809178839086055
2026-03-05 12:20:00,3.566666666666666,3.5523918,1.1775933609958507,1.1768825776349459,0.014274899164834931,0.0007107833609047987
2026-03-05 12:30:00,3.5166666666666666,3.5554166,1.1758333333333333,1.1770331909053058,-0.03874991734822597,-0.0011998575719724958
2026-03-05 12:40:00,3.1654166666666663,2.707061,1.1576141078838174,1.1353530526161193,0.45835561434427863,0.02226105526769806
2026-03-05 12:50:00,3.3720833333333333,3.3453948,1.1686041666666667,1.1665756771673306,0.026688483556111642,0.0020284894993360947
2026-03-05 13:00:00,5.414999999999999,3.9318018,1.2696265560165974,1.1965900897979735,1.4831982040405265,0.07303646621862381
2026-03-05 13:10:00,7.386666666666667,5.049614,1.3693333333333333,1.2514330598823262,2.337052714029948,0.11790027345100706
2026-03-05 13:20:00,7.145833333333332,6.436917,1.3572916666666666,1.3218458414077758,0.7089165051778146,0.03544582525889073
2026-03-05 13:30:00,6.881666666666667,6.4438157,1.3440833333333333,1.32219078540802,0.43785095850626643,0.021892547925313366
2026-03-05 13:40:00,6.755833333333333,6.4438157,1.336390041493776,1.32219078540802,0.31201762517293297,0.014199256085756007
2026-03-05 13:50:00,6.7925,6.444679,1.339625,1.3208968688838214,0.3478212165832524,0.01872813111617866
2026-03-05 14:00:00,6.745833333333334,6.492286,1.3372916666666668,1.3246143102645873,0.2535471280415855,0.012677356402079454
2026-03-05 14:10:00,6.737499999999999,6.490748,1.336875,1.3245373964309692,0.24675207138061417,0.012337603569030797
2026-03-05 14:20:00,6.77375,6.5450397,1.3358884297520661,1.3272519826889038,0.22871034622192354,0.008636447063162356
2026-03-05 14:30:00,6.749166666666669,6.5450397,1.333979381443299,1.3245474208484995,0.20412701288859303,0.009431960594799449
2026-03-05 14:40:00,6.845054347826087,6.654125,1.338724338861497,1.3292762992308311,0.19092913420304036,0.009448039630665983
2026-03-05 14:50:00,6.735283333333334,6.5909815,1.3367641666666668,1.3261516610371697,0.14430184987386152,0.010612505629497004
2026-03-05 15:00:00,6.768333333333333,6.5909815,1.3384166666666666,1.3295490741729736,0.17735184987386,0.008867592493692955
2026-03-05 15:10:00,6.7162500000000005,6.59168,1.3344190871369295,1.329584002494812,0.12456995010376026,0.00483508464211746
2026-03-05 15:20:00,6.739583333333332,6.5909815,1.3369791666666666,1.3281816506286874,0.1486018498738595,0.00879751603797918
2026-03-05 15:30:00,6.649583333333334,6.5909815,1.3310995850622407,1.3295490741729736,0.05860184987386141,0.0015505108892670538
2026-03-05 15:40:00,6.6691666666666665,6.6505556,1.3293415637860082,1.331147997211124,0.018611056009928184,-0.001806433425115772
2026-03-05 15:50:00,6.66375,6.645972,1.3311180124223603,1.3281961370397497,0.017778224945068644,0.0029218753826105726
2026-03-05 16:00:00,6.5912500000000005,6.6505556,1.3268388429752065,1.3304623905916393,-0.059305610656737784,-0.0036235476164327984
2026-03-05 16:10:00,6.615,6.596264,1.33075,1.3270874653965974,0.018736114501953338,0.0036625346034027118
2026-03-05 16:20:00,6.6379166666666665,6.596264,1.3318958333333333,1.3298131942749023,0.04165278116861959,0.0020826390584309795
2026-03-05 16:30:00,6.55375,6.4779434,1.3276875000000001,1.3238971710205079,0.07580657958984371,0.0037903289794922745
2026-03-05 16:40:00,6.63875,6.485126,1.3319375,1.3242563009262085,0.15362398147583,0.0076811990737915
2026-03-05 16:50:00,6.564166666666667,6.4779434,1.3282083333333334,1.3238971710205079,0.08622324625651068,0.004311162312825578
2026-03-05 17:00:00,6.5720833333333335,6.0691295,1.3286041666666666,1.303456473350525,0.5029538663228355,0.02514769331614164
2026-03-05 17:10:00,6.566648550724638,5.947913,1.3283324275362318,1.297395658493042,0.6187353808637983,0.03093676904318987
2026-03-05 17:20:00,6.512933333333333,5.9443555,1.3256466666666666,1.2972177743911744,0.5685778455098465,0.02842889227549228
2026-03-05 17:30:00,6.606666666666666,5.9692516,1.3296465696465696,1.2984625816345214,0.6374150339762359,0.031183988012048136
2026-03-05 17:40:00,6.546666666666667,5.9443555,1.3259751037344398,1.2965998580202989,0.6023111788431805,0.029375245714140963
2026-03-05 17:50:00,6.5633333333333335,5.9443555,1.326804979253112,1.295984505617767,0.6189778455098471,0.030820473635345014
2026-03-05 18:00:00,6.495,5.9443555,1.3247499999999999,1.295984505617767,0.5506445121765138,0.02876549438223286
2026-03-05 18:10:00,6.525416666666666,5.258099,1.3262708333333333,1.262904953956604,1.2673175875345857,0.06336587937672933
2026-03-05 18:20:00,6.506666666666667,5.9443555,1.3253333333333335,1.2972177743911744,0.5623111788431805,0.028115558942159113
2026-03-05 18:30:00,6.491249999999999,5.9443555,1.3245624999999999,1.2972177743911744,0.5468945121765127,0.027344725608825504
2026-03-05 18:40:00,6.510833333333333,5.3774543,1.3255416666666666,1.2688727140426637,1.1333790524800618,0.056668952624002955
2026-03-05 18:50:00,6.494999999999999,4.9807224,1.3247499999999999,1.2490361213684082,1.5142775726318352,0.07571387863159162
2026-03-05 19:00:00,6.519583333333332,4.9807224,1.3259791666666665,1.2490361213684082,1.5388609059651683,0.07694304529825824
2026-03-05 19:10:00,6.496249999999999,4.97816,1.3248125,1.248907995223999,1.5180900955200185,0.07590450477600097
2026-03-05 19:20:00,6.4070833333333335,5.669113,1.30754,1.2834556579589844,0.737970174153646,0.024084342041015505
2026-03-05 19:30:00,6.496250000000001,5.0350137,1.313702213279678,1.2416806564331053,1.4612363243103035,0.07202155684657274
2026-03-05 19:40:00,6.469166666666667,4.9807224,1.3234583333333334,1.2405177832129497,1.4884442392985031,0.0829405501203837
2026-03-05 19:50:00,6.498333333333332,4.9807224,1.3249166666666667,1.2490361213684082,1.5176109059651681,0.0758805452982585
2026-03-05 20:00:00,6.44875,4.9440227,1.3224375,1.247201132774353,1.5047273445129399,0.07523636722564686
2026-03-05 20:10:00,6.507083333333334,4.946585,1.3253541666666666,1.2473292589187621,1.5604981549580899,0.07802490774790449
2026-03-05 20:20:00,5.230833333333334,4.790715,1.2615416666666666,1.2395357608795166,0.44011811574300186,0.022005905787150004
2026-03-05 20:30:00,4.955,4.9505377,1.24775,1.2475268840789795,0.004462318420410227,0.00022311592102042255
2026-03-05 20:40:00,4.876666666666666,5.0677557,1.232222222222222,1.2533877849578858,-0.1910890324910488,-0.021165562735663723
2026-03-05 20:50:00,4.8254166666666665,5.124223,1.2235714285714285,1.2440106301080613,-0.29880656560262064,-0.02043920153663281
2026-03-05 21:00:00,4.916250000000002,5.034566,1.2458125,1.233261741726555,-0.11831592559814297,0.012550758273444984
2026-03-05 21:10:00,4.948333333333334,5.084599,1.2399191919191919,1.2542299509048462,-0.1362656847635897,-0.01431075898565437
2026-03-05 21:20:00,5.0725,5.2641406,1.238705882352941,1.2552310596812855,-0.19164060592651389,-0.016525177328344354
2026-03-05 21:30:00,5.094583333333333,5.267839,1.2337858508604207,1.2478983037612017,-0.17325562159220453,-0.014112452900781003
2026-03-05 21:40:00,5.031249999999999,5.266851,1.23583984375,1.2416910569025044,-0.23560094833374112,-0.005851213152504364
2026-03-05 21:50:00,5.091666666666667,5.266851,1.2354527938342967,1.246883638203144,-0.17518428166707345,-0.011430844368847337
2026-03-05 22:00:00,5.014583333333333,4.6878333,1.2314423076923078,1.2167784189213218,0.3267500241597494,0.014663888770986011
2026-03-05 22:10:00,5.093333333333334,4.6878333,1.236441005802708,1.2163615373464731,0.40550002415974973,0.020079468456234872
2026-03-05 22:20:00,4.991666666666668,4.6888213,1.2295019157088123,1.217662885064544,0.30284535090128717,0.011839030644268389
2026-03-05 22:30:00,4.9925,4.685123,1.236798418972332,1.215407952495005,0.3073770332336423,0.021390466477327008
2026-03-05 22:40:00,4.994583333333333,4.7638683,1.2305192307692308,1.2259542291814631,0.23071500142415324,0.004565001587767625
2026-03-05 22:50:00,4.972083333333334,4.76233,1.2308123791102514,1.2197998487032378,0.20975327809651745,0.011012530407013665
2026-03-05 23:00:00,4.959999999999999,4.7311993,1.2371314741035857,1.2196301399393286,0.2288007354736319,0.017501334164257143
2026-03-05 23:10:00,4.985,4.76233,1.2296353166986564,1.2276811181786527,0.2226699447631839,0.0019541985200037804
2026-03-05 23:20:00,4.992083333333335,4.7400513,1.2317408123791105,1.218351689959213,0.2520320638020852,0.013389122419897426
2026-03-05 23:30:00,5.0025,4.7400513,1.2317760617760618,1.2200410647364603,0.2624487304687504,0.011734997039601458
2026-03-05 23:40:00,4.741666666666666,4.763318,1.218007662835249,1.2206942731349164,-0.02165139516194703,-0.0026866102996674357
2026-03-05 23:50:00,5.048333333333332,4.2249956,1.2307809523809523,1.1942526718665814,0.8233377202351875,0.03652828051437096
2026-03-06 00:00:00,4.873333333333333,4.87158,1.2227809523809523,1.2227008056640625,0.0017532094319658853,8.014671688982844e-05
2026-03-06 00:10:00,4.857083333333334,4.899842,1.2233141762452107,1.2239927673339843,-0.04275845209757456,-0.0006785910887736613
2026-03-06 00:20:00,4.92375,4.8775635,1.2250857142857143,1.224255792025862,0.04618652343750007,0.0008299222598522338
2026-03-06 00:30:00,4.945833333333334,4.8765755,1.228269230769231,1.2229291643415179,0.06925786336263062,0.005340066427713008
2026-03-06 00:40:00,4.9245833333333335,4.8765755,1.2272884615384616,1.225072713998648,0.04800786336263041,0.002215747539813684
2026-03-06 00:50:00,4.963333333333335,4.8765755,1.228637236084453,1.225072713998648,0.08675786336263158,0.003564522085805155
2026-03-06 01:00:00,4.803333333333335,4.870592,1.2225482625482627,1.224365087937485,-0.06725878397623575,-0.001816825389222343
2026-03-06 01:10:00,4.931666666666667,4.8515143,1.2245920303605313,1.2247805871558466,0.08015232721964516,-0.00018855679531526448
2026-03-06 01:20:00,4.87625,4.7290754,1.2237667304015296,1.215365864067874,0.14717456817626928,0.008400866333655665
2026-03-06 01:30:00,3.734999999999999,4.3430133,1.1710687022900763,1.1992969768225121,-0.6080132865905772,-0.028228274532435815
2026-03-06 01:40:00,1.4466666666666668,1.6903982,1.0674174757281554,1.0774228190647737,-0.24373154958089183,-0.010005343336618289
2026-03-06 01:50:00,1.4541666666666666,1.4556549,1.0671153846153847,1.067836342968987,-0.0014881928761800722,-0.0007209583536023079
2026-03-06 02:00:00,1.4483333333333335,1.4539442,1.0663358778625953,1.0671051172109751,-0.005610872904459496,-0.0007692393483798021
2026-03-06 02:10:00,1.4516666666666667,1.4547846,1.0664885496183205,1.0666313571784332,-0.003117965062459316,-0.0001428075601126455
2026-03-06 02:20:00,1.4550000000000003,1.4567373,1.0661363636363637,1.0667207914454337,-0.0017372798919674803,-0.0005844278090700872
2026-03-06 02:30:00,1.456666666666667,1.4539442,1.066590476190476,1.0660883730108088,0.0027224604288740295,0.000502103179667257
2026-03-06 02:40:00,1.4525000000000003,1.4527428,1.0669097888675625,1.0664111001150949,-0.00024281501769984892,0.0004986887524676131
2026-03-06 02:50:00,1.4491666666666667,1.4533991,1.0666283524904214,1.0669512043987721,-0.004232395490010532,-0.00032285190835068533
2026-03-06 03:00:00,1.4495833333333334,1.4527428,1.06794921875,1.0667927731042621,-0.0031594816843667495,0.0011564456457378025
2026-03-06 03:10:00,1.4433333333333331,1.4462394,1.067921568627451,1.0677924696356058,-0.0029060188929241892,0.00012909899184521123
2026-03-06 03:20:00,1.4129166666666666,1.4261178,1.068366935483871,1.0671114248387954,-0.013201111157735257,0.0012555106450755638
2026-03-06 03:30:00,1.4045833333333333,1.4050899,1.0678269617706238,1.067988218799714,-0.000506521860758502,-0.00016125702909031148
2026-03-06 03:40:00,1.4179166666666665,1.4090235,1.0688866396761134,1.0680413773841781,0.008893143335978015,0.000845262291935267
2026-03-06 03:50:00,1.4129166666666664,1.4119377,1.0694877049180327,1.0685961642246014,0.0009789530436195015,0.0008915406934313364
2026-03-06 04:00:00,1.4308333333333334,1.4168673,1.0697967479674797,1.0696819962048139,0.01396607716878262,0.00011475176266584342
2026-03-06 04:10:00,1.4129166666666666,1.4235282,1.0693456032719837,1.0694403997281703,-0.010611527760823636,-9.47964561865966e-05
2026-03-06 04:20:00,1.37,1.3886262,1.0665587044534413,1.0681534340045205,-0.018626217842101944,-0.0015947295510791992
2026-03-06 04:30:00,1.3791666666666664,1.3834094,1.0672764227642277,1.067210172352038,-0.004242714246114332,6.625041218977223e-05
2026-03-06 04:40:00,1.3525,1.3741828,1.066516393442623,1.067033308308299,-0.02168282032012936,-0.0005169148656760658
2026-03-06 04:50:00,1.3575000000000002,1.3665298,1.0664897959183675,1.0672063847057154,-0.009029822349548189,-0.0007165887873479271
2026-03-06 05:00:00,1.355,1.3569775,1.0669135802469136,1.0664642022580517,-0.0019774627685547053,0.00044937798886190983
2026-03-06 05:10:00,1.3437499999999998,1.355127,1.0659509202453987,1.0669198507144126,-0.011376976966858132,-0.0009689304690139178
2026-03-06 05:20:00,1.33125,1.3462348,1.0642857142857143,1.0660728735426452,-0.01498479843139644,-0.0017871592569309591
2026-03-06 05:30:00,1.335833333333333,1.3413556,1.064248496993988,1.0647737092415333,-0.005522228876750024,-0.0005252122475452037
2026-03-06 05:40:00,1.3475,1.3533499,1.0661349693251534,1.0650909783128268,-0.005849924087524494,0.0010439910123265506
2026-03-06 05:50:00,1.3395833333333331,1.3500854,1.0665631469979295,1.066261859027886,-0.010502044359843143,0.0003012879700434734
2026-03-06 06:00:00,1.3358333333333332,1.3483083,1.0665145228215767,1.0669966869472718,-0.012474991480509567,-0.0004821641256951281
2026-03-06 06:10:00,1.3275,1.3472964,1.0658264462809917,1.0670852957919426,-0.01979635715484629,-0.001258849510950899
2026-03-06 06:20:00,1.3266666666666664,1.336314,1.0648472505091648,1.066263502294367,-0.009647296269734928,-0.001416251785202105
2026-03-06 06:30:00,1.3308333333333333,1.336314,1.0653169734151329,1.0653188087789687,-0.005480629603068055,-1.8353638358004076e-06
2026-03-06 06:40:00,1.3299999999999998,1.336314,1.065679012345679,1.0655859613711116,-0.006313962936401518,9.305097456735467e-05
2026-03-06 06:50:00,1.3095833333333333,1.3347094,1.0640122199592668,1.0659115755999529,-0.02512607256571453,-0.0018993556406861067
2026-03-06 07:00:00,1.3325000000000005,1.3458153,1.0642168674698795,1.065783232632577,-0.013315300941466823,-0.0015663651626973696
2026-03-06 07:10:00,1.3533333333333333,1.3527584,1.0668312757201646,1.0651931762695312,0.0005749257405598396,0.0016380994506333124
2026-03-06 07:20:00,1.3358333333333332,1.3665298,1.0651626016260163,1.0674829541901012,-0.030696489016215134,-0.0023203525640849154
2026-03-06 07:30:00,1.3233333333333328,1.3483083,1.0649488752556238,1.0657711377957972,-0.024974991480509967,-0.0008222625401734796
2026-03-06 07:40:00,1.3433333333333333,1.3332809,1.0663374485596708,1.0654371004163121,0.010052412350972428,0.000900348143358709
2026-03-06 07:50:00,1.3445833333333335,1.3472964,1.06454,1.0665331534397455,-0.002713023821512728,-0.0019931534397454875
2026-03-06 08:00:00,1.3504166666666668,1.3500854,1.066278118609407,1.0648040981292723,0.0003312889734905511,0.0014740204801346746
2026-03-06 08:10:00,1.331467391304348,1.3463132,1.065751476113795,1.066076723344487,-0.014845846839572907,-0.0003252472306920495
2026-03-06 08:20:00,1.3377666666666665,1.334833,1.0655232653061224,1.0659176802929538,0.0029336407343545368,-0.00039441498683134846
2026-03-06 08:30:00,1.3579166666666667,1.3483083,1.0650499001996008,1.0660395914194536,0.009608341852823887,-0.0009896912198528174
2026-03-06 08:40:00,1.3291666666666666,1.3431361,1.0653688524590164,1.0643418477680868,-0.013969405492146869,0.0010270046909295338
2026-03-06 08:50:00,1.337916666666667,1.3340245,1.06648033126294,1.0656077646818318,0.003892118136088474,0.0008725665811082362
2026-03-06 09:00:00,1.3841666666666668,1.3647528,1.0663073852295408,1.0678138022097001,0.019413897196451924,-0.0015064169801592975
2026-03-06 09:10:00,1.4341666666666666,1.3922242,1.0691164658634538,1.066693374496734,0.04194247404734286,0.0024230913667198095
2026-03-06 09:20:00,1.4875000000000003,1.4446764,1.0718309859154929,1.0696229589990822,0.042823600769043235,0.0022080269164106436
2026-03-06 09:30:00,1.4966666666666666,1.4795967,1.073909465020576,1.071449339269872,0.017069932619730555,0.0024601257507039787
2026-03-06 09:40:00,1.504891304347826,1.488325,1.074011047754811,1.0734975308547785,0.016566304538560894,0.0005135169000325401
2026-03-06 09:50:00,1.675,1.5235459,1.082377049180328,1.074928484979223,0.15145413875579838,0.007448564201104846
2026-03-06 10:00:00,3.322083333333333,3.0264761,1.1613967611336031,1.1488430890880648,0.29560718854268364,0.012553672045538367
2026-03-06 10:10:00,3.3608333333333333,3.337698,1.1616432865731463,1.1621553675848462,0.023135350545247402,-0.0005120810116998609
2026-03-06 10:20:00,3.410833333333333,3.3807604,1.1653737373737374,1.1626017041101244,0.03007290204366031,0.002772033263612972
2026-03-06 10:30:00,3.4862500000000005,3.391166,1.1640588235294118,1.1644201683275628,0.09508402824401907,-0.0003613447981509754
2026-03-06 10:40:00,3.5108333333333333,3.4501293,1.1658661417322835,1.1623590244966395,0.06070406277974438,0.0035071172356440083
2026-03-06 10:50:00,3.5237499999999997,3.4482868,1.1632625482625483,1.1629111860680768,0.07546322822570772,0.0003513621944715162
2026-03-06 11:00:00,3.547083333333333,3.5449317,1.16626953125,1.1642439374592313,0.00215168317158998,0.0020255937907687205
2026-03-06 11:10:00,3.547916666666666,3.5449317,1.1672888015717091,1.1661686711013317,0.0029850165049229993,0.0011201304703774007
2026-03-06 11:20:00,3.4650000000000003,3.5449317,1.1659880239520959,1.167148054231595,-0.07993165016174286,-0.0011600302794991801
2026-03-06 11:30:00,3.4274999999999998,3.4164732,1.1603508771929825,1.1636633844432718,0.01102684974670387,-0.0033125072502893094
2026-03-06 11:40:00,3.4375000000000004,3.3816435,1.165,1.1582055454365692,0.055856466293335405,0.006794454563430863
2026-03-06 11:50:00,3.4170833333333333,3.415288,1.1617138203017832,1.1639338226318359,0.0017953618367512192,-0.002220002330052706
2026-03-06 12:00:00,3.51875,3.396446,1.1633462282398452,1.1607371558868345,0.12230401039123517,0.0026090723530107773
2026-03-06 12:10:00,3.495,3.5570033,1.157373358348968,1.165122008185322,-0.06200325965881337,-0.007748649836353927
2026-03-06 12:20:00,3.5700000000000003,3.484247,1.1554990925589836,1.1568891693458772,0.08575303077697782,-0.0013900767868935127
2026-03-06 12:30:00,3.6958333333333333,3.5990288,1.1661048689138576,1.1567635060222092,0.09680450757344561,0.00934136289164833
2026-03-06 12:40:00,3.655416666666666,3.695892,1.1658412098298676,1.1661075099130696,-0.040475428899129806,-0.00026630008320194243
2026-03-06 12:50:00,3.6687499999999997,3.5729058,1.1648876404494382,1.162097804713114,0.09584422111511204,0.0027898357363240756
2026-03-06 13:00:00,3.6254166666666676,3.6707056,1.1638606403013183,1.1649755306458205,-0.045288890202839216,-0.001114890344502184
2026-03-06 13:10:00,3.5941666666666667,3.5655847,1.1621428571428571,1.1611563687944142,0.028582007090250716,0.0009864883484429487
2026-03-06 13:20:00,3.555,3.546922,1.1615909090909091,1.160011517374139,0.008078031539917152,0.0015793917167701288
2026-03-06 13:30:00,3.519166666666667,3.54528,1.1593584905660377,1.1611490899866277,-0.02611331303914355,-0.001790599420590011
2026-03-06 13:40:00,3.2075,3.410874,1.1457954545454545,1.1544546667134987,-0.20337388992309569,-0.008659212168044217
2026-03-06 13:50:00,2.5737500000000004,2.6037166,1.1169886363636363,1.1183507550846448,-0.02996661186218219,-0.0013621187210084429
2026-03-06 14:00:00,3.105,2.9298398,1.1411363636363636,1.1331745386123657,0.17516015052795408,0.007961825023997893
2026-03-06 14:10:00,3.1554166666666665,3.1373339,1.1434280303030304,1.1426060849970037,0.018082796732584505,0.0008219453060267501
2026-03-06 14:20:00,3.1995833333333334,3.2118127,1.1454356060606061,1.14599148793654,-0.01222940127054839,-0.0005558818759339168
2026-03-06 14:30:00,3.145,3.1786323,1.1440458015267176,1.144483284516768,-0.03363225936889647,-0.0004374829900504196
2026-03-06 14:40:00,3.1941666666666673,3.039791,1.1454648956356737,1.139227073611194,0.1543755594889329,0.0062378220244796445
2026-03-06 14:50:00,3.1083333333333334,3.1565688,1.1423664122137405,1.1437526572587595,-0.048235432306925397,-0.0013862450450190522
2026-03-06 15:00:00,3.0741666666666663,3.103098,1.1405333333333334,1.1421266220908128,-0.028931248982747793,-0.0015932887574794385
2026-03-06 15:10:00,3.191250000000001,3.120588,1.1456083650190114,1.1426554543631418,0.07066193580627544,0.002952910655869667
2026-03-06 15:20:00,3.165833333333333,3.271941,1.143901515151515,1.1492900812127291,-0.10610761324564644,-0.005388566061214073
2026-03-06 15:30:00,1.485416666666667,1.6916893,1.0675189393939395,1.0768949660387905,-0.2062725861867265,-0.009376026644851043
2026-03-06 15:40:00,1.5079166666666666,1.4810672,1.0688022813688214,1.067321235483343,0.02684948603312165,0.0014810458854783715
2026-03-06 15:50:00,1.5041666666666669,1.4950218,1.068371212121212,1.0682139233491266,0.009144846598307499,0.00015728877208553982
2026-03-06 16:00:00,1.50375,1.4950218,1.0683522727272727,1.0679555372758345,0.008728179931640545,0.00039673545143825706
2026-03-06 16:10:00,1.5045833333333336,1.4950218,1.0683901515151515,1.0679555372758345,0.00956151326497423,0.0004346142393170105
2026-03-06 16:20:00,1.5029166666666667,1.4950218,1.068314393939394,1.0679555372758345,0.007894846598307304,0.00035885666355950363
2026-03-06 16:30:00,1.4895833333333335,1.4950218,1.0677083333333333,1.0679555372758345,-0.005438486735025894,-0.00024720394250121736
2026-03-06 16:40:00,1.4854166666666666,1.485079,1.0675189393939395,1.0675035931847312,0.0003376166025796934,1.5346209208288997e-05
2026-03-06 16:50:00,1.4891666666666665,1.4759558,1.0679467680608365,1.0670889019966125,0.013210822741190453,0.0008578660642239999
2026-03-06 17:00:00,1.4828079710144926,1.4831264,1.0676566374607372,1.0676711666266727,-0.00031843088675254094,-1.4529165935472932e-05
2026-03-06 17:10:00,1.4912333333333332,1.4826808,1.0677833333333333,1.067650834870429,0.008552535756428892,0.0001324984629043069
2026-03-06 17:20:00,1.4895833333333333,1.4898514,1.0677083333333333,1.0677205161614851,-0.0002680222193400805,-1.2182828151852121e-05
2026-03-06 17:30:00,1.497083333333333,1.4905804,1.0680492424242425,1.0677536563439802,0.0065028937657671815,0.00029558608026225563
2026-03-06 17:40:00,1.49625,1.4921381,1.0680113636363637,1.0678244612433694,0.004111852645874103,0.00018690239299434808
2026-03-06 17:50:00,1.5,1.4921381,1.0681818181818181,1.0678244612433694,0.007861852645874023,0.0003573569384487385
2026-03-06 18:00:00,1.4933333333333334,1.4921381,1.0678787878787879,1.0678244612433694,0.0011951859792074249,5.432663541848903e-05
2026-03-06 18:10:00,1.5016666666666667,1.4905804,1.0682575757575759,1.0677536563439802,0.011086227099100787,0.0005039194135956215
2026-03-06 18:20:00,1.49625,1.4957509,1.0680113636363637,1.0679886774583296,0.0004990959167481268,2.2686178034136972e-05
2026-03-06 18:30:00,1.4925,1.4921381,1.0678409090909091,1.0678244612433694,0.00036185264587396127,1.6447847539735605e-05
2026-03-06 18:40:00,1.488333333333333,1.4858081,1.0676515151515151,1.0675367333672263,0.0025251992543535717,0.00011478178428880881
2026-03-06 18:50:00,1.4874999999999998,1.4786376,1.0676136363636364,1.0672107989137822,0.008862423896789373,0.00040283744985414316
2026-03-06 19:00:00,1.4829166666666667,1.4786376,1.067405303030303,1.0672107989137822,0.0042790905634562115,0.00019450411652077726
2026-03-06 19:10:00,1.4766666666666668,1.4762707,1.0671212121212121,1.0671032125299627,0.00039599100748710647,1.799959124948458e-05
2026-03-06 19:20:00,1.4795833333333333,1.4725673,1.0672537878787878,1.066934878175909,0.007016013463338133,0.00031890970287884457
2026-03-06 19:30:00,1.4841666666666666,1.4725673,1.0674621212121211,1.066934878175909,0.011599346796671517,0.0005272430362122105
2026-03-06 19:40:00,1.4883333333333335,1.4771111,1.0676515151515151,1.0671414136886597,0.011222232182820813,0.0005101014628554612
2026-03-06 19:50:00,1.478333333333333,1.4757255,1.0671969696969696,1.0670784332535483,0.00260780175526909,0.0001185364434213021
2026-03-06 20:00:00,1.4812500000000002,1.4711818,1.0673295454545455,1.0668718977407976,0.010068249702453791,0.0004576477137478996
2026-03-06 20:10:00,1.4791666666666667,1.4757255,1.0672348484848484,1.0670784332535483,0.003441135088602776,0.00015641523130005552
2026-03-06 20:20:00,1.4816666666666667,1.4711818,1.0673484848484849,1.0668718977407976,0.0104849163691203,0.0004765871076872763
2026-03-06 20:30:00,1.4766666666666666,1.4757255,1.0671212121212121,1.0670784332535483,0.0009411350886026071,4.277886766379524e-05
2026-03-06 20:40:00,1.4987499999999998,1.4776618,1.068125,1.0671664476394653,0.0210881519317625,0.0009585523605346591
2026-03-06 20:50:00,1.5075,1.4914091,1.0685227272727273,1.0677913210608743,0.016090936660766664,0.0007314062118530806
2026-03-06 21:00:00,1.491666666666667,1.4873375,1.0678030303030304,1.0676062486388467,0.0043291966120404535,0.00019678166418368725
2026-03-06 21:10:00,1.4683333333333333,1.4716687,1.0667424242424242,1.0668940327384255,-0.00333538691202806,-0.00015160849600137638
2026-03-06 21:20:00,1.4779166666666668,1.4557462,1.0671780303030303,1.0661702806299382,0.02217049280802419,0.0010077496730920288
2026-03-06 21:30:00,1.4558333333333335,1.4531115,1.0661742424242424,1.0660505240613765,0.002721803983052773,0.0001237183628659544
2026-03-06 21:40:00,1.4483333333333335,1.4346538,1.0658333333333334,1.065211534500122,0.013679574330647926,0.00062179883321134
2026-03-06 21:50:00,1.4458333333333337,1.4397625,1.0652042483660131,1.065443748777563,0.0060708602269494705,-0.00023950041154985335
2026-03-06 22:00:00,1.4316666666666669,1.4282515,1.0650757575757577,1.0644113423777561,0.003415161768595576,0.0006644151980015334
2026-03-06 22:10:00,1.4308333333333332,1.4205114,1.0650378787878787,1.0645686984062195,0.010321968396504566,0.0004691803816592177
2026-03-06 22:20:00,1.4404166666666667,1.4200503,1.0657224334600761,1.0645477392456748,0.020366403261820487,0.0011746942144013062
2026-03-06 22:30:00,1.4366666666666665,1.4247427,1.0653030303030302,1.0650072714221794,0.011923967997232943,0.0002957588808507605
2026-03-06 22:40:00,1.4308333333333332,1.4251963,1.0652851711026616,1.0647816495461897,0.005637043317158863,0.0005035215564719309
2026-03-06 22:50:00,1.42875,1.4187747,1.0653142857142857,1.0647349683957408,0.009975275993347132,0.0005793173185448808
2026-03-06 23:00:00,1.4212500000000001,1.4158463,1.0650954198473281,1.0647244044712612,0.005403652191162234,0.0003710153760669854
2026-03-06 23:10:00,1.4245833333333338,1.4113184,1.065,1.0646405383830762,0.01326491196950319,0.0003594616169237952
2026-03-06 23:20:00,1.432644927536232,1.4130691,1.0653678293932882,1.0644746370641904,0.01957579854605873,0.0008931923290977917
2026-03-06 23:30:00,1.4274666666666667,1.4202522,1.0648848484848485,1.0648023819288828,0.007214462725321447,8.246655596577668e-05
2026-03-06 23:40:00,1.4208333333333338,1.4122999,1.0652007648183557,1.064195448702032,0.008533461888631688,0.0010053161163237068
2026-03-06 23:50:00,1.4241666666666668,1.4115776,1.0649809885931558,1.0647760267239457,0.012589084307352838,0.0002049618692101518
2026-03-07 00:00:00,1.4333333333333336,1.4128962,1.0657743785850862,1.064466744774648,0.020437177022298414,0.0013076338104380802
2026-03-07 00:10:00,1.4233333333333333,1.4153712,1.0653154875717017,1.0649501114912745,0.007962153752644863,0.00036537608042719327
2026-03-07 00:20:00,1.4270833333333335,1.4089122,1.065487571701721,1.0646537138900611,0.018171151479085434,0.0008338578116597883
2026-03-07 00:30:00,1.42125,1.4087152,1.0670137524557957,1.0646446767774185,0.012534751892089746,0.002369075678377186
2026-03-07 00:40:00,1.4158333333333333,1.4034251,1.0671541501976285,1.066173285538649,0.01240823586781814,0.0009808646589795078
2026-03-07 00:50:00,1.4141666666666666,1.3886262,1.0672079207920793,1.0658636941268982,0.02554044882456452,0.0013442266651810808
2026-03-07 01:00:00,1.4080797101449276,1.3886262,1.0670514147688062,1.065994117283585,0.01945349230282556,0.0010572974852212091
2026-03-07 01:10:00,1.4077166666666665,1.3871502,1.067034126984127,1.0660547699247087,0.020566498247782228,0.0009793570594183176
2026-03-07 01:20:00,1.4012500000000003,1.3871502,1.0667261904761904,1.0660547699247087,0.014099831581116051,0.0006714205514817273
2026-03-07 01:30:00,1.3887500000000002,1.3771018,1.066,1.0655762751897175,0.011648221015930327,0.00042372481028252196
2026-03-07 01:40:00,1.3916666666666668,1.3865576,1.0665338645418327,1.0658958057365795,0.005109087626139486,0.0006380588052532499
2026-03-07 01:50:00,1.3833333333333335,1.3865576,1.0660096818810512,1.0662896053724555,-0.003224245707193818,-0.0002799234914043769
2026-03-07 02:00:00,1.3808333333333336,1.3621874,1.0661477045908183,1.0650006428793752,0.018645947774251548,0.001147061711443076
2026-03-07 02:10:00,1.3670833333333334,1.3571458,1.0650992063492064,1.065012971798103,0.009937547047933037,8.623455110345901e-05
2026-03-07 02:20:00,1.364583333333333,1.3513433,1.0652390438247012,1.0643496797198342,0.013240059216816924,0.0008893641048670631
2026-03-07 02:30:00,1.3612500000000003,1.3513433,1.0662677484787018,1.0646060529458095,0.00990672588348418,0.0016616955328923044
2026-03-07 02:40:00,1.35625,1.3508219,1.0657575757575757,1.0657600901915143,0.0054281473159789595,-2.5144339386162784e-06
2026-03-07 02:50:00,1.3512499999999998,1.3484808,1.066319018404908,1.0653808882742217,0.0027691793441770862,0.0009381301306863321
2026-03-07 03:00:00,1.3508333333333333,1.3484808,1.0664344262295082,1.066183107762249,0.0023525126775105765,0.0002513184672592317
2026-03-07 03:10:00,1.3491666666666668,1.3484808,1.0663524590163935,1.0663187288847127,0.0006858460108440934,3.373013168084249e-05
2026-03-07 03:20:00,1.3549999999999998,1.3489714,1.0671900826446281,1.0663428541089668,0.0060286331176755414,0.0008472285356613263
2026-03-07 03:30:00,1.3491666666666662,1.3480119,1.0674583333333334,1.0668435628749122,0.0011548153559362007,0.0006147704584211766
2026-03-07 03:40:00,1.3524999999999998,1.3480119,1.0673443983402489,1.0674005925655365,0.004488148689269833,-5.6194225287686805e-05
2026-03-07 03:50:00,1.3412499999999998,1.3480119,1.0670625,1.0671209220569657,-0.006761851310730149,-5.8422056965712343e-05
2026-03-07 04:00:00,1.3404166666666666,1.3462348,1.0670208333333333,1.06731173992157,-0.005818131764729895,-0.00029090658823660576
2026-03-07 04:10:00,1.3299999999999998,1.3384408,1.0665,1.0669220387935638,-0.008440775871277006,-0.0004220387935638392
2026-03-07 04:20:00,1.333333333333333,1.3268524,1.0666666666666667,1.0663426220417023,0.006480892499287627,0.00032404462496438136
2026-03-07 04:30:00,1.3270833333333334,1.3384408,1.0660788381742738,1.0669220387935638,-0.011357442537943463,-0.0008432006192899966
2026-03-07 04:40:00,1.3195833333333336,1.3264464,1.0659791666666667,1.0660471243482408,-0.006863080660501897,-6.795768157408233e-05
2026-03-07 04:50:00,1.3095833333333333,1.3234134,1.0654791666666668,1.0661706686019898,-0.0138300387064616,-0.00069150193532308
2026-03-07 05:00:00,1.3008333333333333,1.3106207,1.0650416666666667,1.0655310332775116,-0.009787332216898648,-0.0004893666108449768
2026-03-07 05:10:00,1.2983333333333336,1.3027533,1.0649166666666667,1.0651376664638519,-0.004419995943705013,-0.00022099979718515073
2026-03-07 05:20:00,1.2933333333333334,1.3027533,1.0646666666666667,1.0651376664638519,-0.009419995943705128,-0.0004709997971852342
2026-03-07 05:30:00,1.2891666666666668,1.2904925,1.0644583333333333,1.0645246267318726,-0.001325867970784378,-6.629339853936322e-05
2026-03-07 05:40:00,1.2775000000000003,1.2831293,1.063875,1.0641564667224883,-0.005629334449767764,-0.0002814667224884104
2026-03-07 05:50:00,1.2679166666666664,1.2872092,1.0633958333333333,1.0643604576587677,-0.019292486508687645,-0.0009646243254344267
2026-03-07 06:00:00,1.267083333333333,1.2767569,1.0633541666666666,1.0638378441333771,-0.009673549334208609,-0.00048367746671051925
2026-03-07 06:10:00,1.2687499999999998,1.2841201,1.0634375,1.0642060041427612,-0.015370082855224787,-0.0007685041427611949
2026-03-07 06:20:00,1.2604166666666667,1.2767569,1.0630208333333333,1.0638378441333771,-0.016340216000874763,-0.0008170108000438159
2026-03-07 06:30:00,1.2516666666666667,1.2767569,1.0625833333333334,1.0638378441333771,-0.0250902160008748,-0.0012545108000436844
2026-03-07 06:40:00,1.2504166666666667,1.2767569,1.0625208333333334,1.0638378441333771,-0.026340216000874772,-0.0013170108000437608
2026-03-07 06:50:00,1.2474999999999998,1.2625498,1.062375,1.063127487897873,-0.015049757957458665,-0.0007524878978728555
2026-03-07 07:00:00,1.2449999999999997,1.2625498,1.06225,1.063127487897873,-0.017549757957458834,-0.0008774878978730083
2026-03-07 07:10:00,1.2295833333333333,1.2546209,1.0614791666666668,1.062731045484543,-0.025037576357523683,-0.0012518788178761397
2026-03-07 07:20:00,1.2254166666666666,1.2625498,1.0612708333333334,1.063127487897873,-0.0371330912907919,-0.0018566545645395394
2026-03-07 07:30:00,1.2525,1.2761079,1.062625,1.0638053953647613,-0.023607907295227104,-0.001180395364761333
2026-03-07 07:40:00,1.247083333333333,1.2841201,1.0623541666666667,1.0642060041427612,-0.03703674952189151,-0.00185183747609452
2026-03-07 07:50:00,1.2304166666666667,1.2625498,1.0615208333333332,1.063127487897873,-0.03213309129079178,-0.001606654564539678
2026-03-07 08:00:00,1.2300000000000002,1.2625498,1.0615,1.063127487897873,-0.03254975795745829,-0.0016274878978728147
2026-03-07 08:10:00,1.2349999999999999,1.2625498,1.06175,1.063127487897873,-0.02754975795745862,-0.0013774878978729532
2026-03-07 08:20:00,1.2308333333333334,1.2625498,1.0615416666666666,1.063127487897873,-0.03171642462412505,-0.0015858212312063191
2026-03-07 08:30:00,1.2375000000000003,1.269913,1.0618750000000001,1.063495647907257,-0.032412958145141335,-0.0016206479072569113
2026-03-07 08:40:00,1.2320833333333332,1.269913,1.0616041666666667,1.063495647907257,-0.037829624811808404,-0.0018914812405903536
2026-03-07 08:50:00,1.2391666666666665,1.2761079,1.0619583333333333,1.0638053953647613,-0.03694124062856052,-0.0018470620314279262
2026-03-07 09:00:00,1.2387500000000002,1.2625498,1.0619375,1.063127487897873,-0.023799757957458256,-0.0011899878978729461
2026-03-07 09:10:00,1.237282608695652,1.2625498,1.0618641304347827,1.063127487897873,-0.0252671492618064,-0.0012633574630902533
2026-03-07 09:20:00,1.2519333333333331,1.269913,1.0625966666666666,1.063495647907257,-0.01797962481180848,-0.0008989812405904019
2026-03-07 09:30:00,1.24125,1.2767569,1.0620625,1.0638378441333771,-0.03550688266754154,-0.0017753441333772102
2026-03-07 09:40:00,1.2462499999999999,1.2625498,1.0623125,1.063127487897873,-0.016299757957458638,-0.0008149878978729319
2026-03-07 09:50:00,1.2404166666666665,1.2625498,1.0620208333333334,1.063127487897873,-0.022133091290791995,-0.001106654564539511
2026-03-07 10:00:00,1.2458333333333336,1.2625498,1.0622916666666666,1.063127487897873,-0.016716424624124926,-0.0008358212312062907
2026-03-07 10:10:00,1.2470833333333333,1.269913,1.0623541666666667,1.063495647907257,-0.02282962481180828,-0.0011414812405903252
2026-03-07 10:20:00,1.2370833333333333,1.2625498,1.0618541666666668,1.063127487897873,-0.025466424624125183,-0.0012733212312061593
2026-03-07 10:30:00,1.2341666666666666,1.2625498,1.0617083333333333,1.063127487897873,-0.028383091290791862,-0.0014191545645396708
2026-03-07 10:40:00,1.23625,1.2625498,1.0618125,1.063127487897873,-0.026299757957458425,-0.0013149878978728768
2026-03-07 10:50:00,1.2366666666666666,1.2625498,1.0618333333333334,1.063127487897873,-0.025883091290791915,-0.001294154564539518
2026-03-07 11:00:00,1.2533333333333332,1.2625498,1.0626666666666666,1.063127487897873,-0.009216424624125308,-0.0004608212312062765
2026-03-07 11:10:00,1.258333333333333,1.290315,1.0629166666666667,1.0645157516002655,-0.03198169867197698,-0.0015990849335987267
2026-03-07 11:20:00,1.2670833333333336,1.2911783,1.0633541666666666,1.0645589172840118,-0.024095012346903255,-0.0012047506173451517
2026-03-07 11:30:00,1.26625,1.2841201,1.0633125,1.0642060041427612,-0.01787008285522451,-0.0008935041427611257
2026-03-07 11:40:00,1.2733333333333337,1.2911783,1.0636666666666668,1.0645589172840118,-0.017845012346903166,-0.0008922506173449918
2026-03-07 11:50:00,1.27,1.2942674,1.0635,1.0647133708000183,-0.024267416000366193,-0.0012133708000183763
2026-03-07 12:00:00,1.2679166666666666,1.2911783,1.0633958333333333,1.0645589172840118,-0.023261679013570236,-0.001163083950678434
2026-03-07 12:10:00,1.2724999999999997,1.2911783,1.063625,1.0645589172840118,-0.018678345680237074,-0.0009339172840117094
2026-03-07 12:20:00,1.26875,1.3037426,1.0634375,1.0651871323585511,-0.03499264717102046,-0.0017496323585510787
2026-03-07 12:30:00,1.2791666666666666,1.3006536,1.0639583333333333,1.0650326788425446,-0.02148691018422455,-0.0010743455092112608
2026-03-07 12:40:00,1.2534782608695652,1.2942674,1.0626739130434784,1.0647133708000183,-0.04078915513080106,-0.0020394577565399086
2026-03-07 12:50:00,1.248,1.2911783,1.0624,1.0645589172840118,-0.04317834568023682,-0.002158917284011741
2026-03-07 13:00:00,1.2479166666666668,1.2769712,1.0623958333333334,1.0638485610485078,-0.029054554303487024,-0.0014527277151743512
2026-03-07 13:10:00,1.24625,1.2769712,1.0623125,1.0638485610485078,-0.03072122097015373,-0.0015360610485077864
2026-03-07 13:20:00,1.2591666666666668,1.269913,1.0629583333333334,1.063495647907257,-0.010746291478474834,-0.0005373145739235863
2026-03-07 13:30:00,1.2566666666666666,1.2767569,1.0628333333333333,1.0638378441333771,-0.020090216000874905,-0.001004510800043823
2026-03-07 13:40:00,1.2475,1.2767569,1.062375,1.0638378441333771,-0.02925688266754145,-0.0014628441333770503
2026-03-07 13:50:00,1.2491666666666665,1.2625498,1.0624583333333333,1.063127487897873,-0.01338309129079196,-0.0006691545645396424
2026-03-07 14:00:00,1.2462499999999999,1.2625498,1.0623125,1.063127487897873,-0.016299757957458638,-0.0008149878978729319
2026-03-07 14:10:00,1.2504166666666667,1.2625498,1.0625208333333334,1.063127487897873,-0.012133091290791764,-0.000606654564539566
2026-03-07 14:20:00,1.2425,1.2546209,1.062125,1.062731045484543,-0.012120909690856996,-0.0006060454845429053
2026-03-07 14:30:00,1.2395833333333333,1.2546209,1.0619791666666667,1.062731045484543,-0.015037576357523674,-0.0007518788178761948
2026-03-07 14:40:00,1.2408333333333332,1.2546209,1.0620416666666666,1.062731045484543,-0.013787576357523701,-0.0006893788178763405
2026-03-07 14:50:00,1.2349999999999999,1.2546209,1.06175,1.062731045484543,-0.019620909690857058,-0.0009810454845429195
2026-03-07 15:00:00,1.227916666666667,1.2546209,1.0613958333333333,1.062731045484543,-0.026704243024189944,-0.001335212151209575
2026-03-07 15:10:00,1.2904166666666665,1.2843887,1.0614484126984127,1.0642194330692292,0.006028005282084026,-0.002771020370816446
2026-03-07 15:20:00,1.3725000000000003,1.3334017,1.0626235741444867,1.0634953180948894,0.039098320007324494,-0.0008717439504026814
2026-03-07 15:30:00,1.3912499999999999,1.3834897,1.0634895833333333,1.0631250065995714,0.007760272026061887,0.0003645767337618899
2026-03-07 15:40:00,1.3933333333333335,1.3979346,1.0633333333333332,1.06379463251621,-0.004601222674051719,-0.0004612991828767399
2026-03-07 15:50:00,1.3915579710144927,1.3872138,1.063493139361878,1.0630551739172502,0.0043441448349883505,0.00043796544462781917
2026-03-07 16:00:00,1.3977499999999996,1.3979346,1.063534090909091,1.0637840862056602,-0.00018455600738565003,-0.0002499952965693275
2026-03-07 16:10:00,1.4050000000000002,1.3984097,1.0638636363636365,1.0635640783743425,0.006590275764465581,0.0002995579892939304
2026-03-07 16:20:00,1.4141666666666668,1.3984097,1.064280303030303,1.0635640783743425,0.015756942431132126,0.0007162246559604402
2026-03-07 16:30:00,1.4049999999999998,1.3906425,1.0638636363636365,1.0632110238075256,0.01435747623443584,0.0006526125561108209
2026-03-07 16:40:00,1.4083333333333332,1.3891665,1.0640151515151515,1.0631439306519248,0.019166858990987024,0.0008712208632266627
2026-03-07 16:50:00,1.4104166666666667,1.3984097,1.0641098484848486,1.0635640783743425,0.012006942431131984,0.0005457701105060497
2026-03-07 17:00:00,1.4099999999999997,1.3911177,1.064090909090909,1.0632326223633506,0.01888230800628632,0.0008582867275583883
2026-03-07 17:10:00,1.4116847826086956,1.3911177,1.0641674901185771,1.0632326223633506,0.020567090614982186,0.0009348677552265539
2026-03-07 17:20:00,1.4047666666666667,1.389165,1.0642179047619047,1.063143865628676,0.015601622835795137,0.001074039133228677
2026-03-07 17:30:00,1.4041666666666668,1.387689,1.0645593869731802,1.0634372111729213,0.016477672259012976,0.0011221758002588622
2026-03-07 17:40:00,1.4004166666666666,1.3896416,1.063655303030303,1.0638915697733562,0.010775024096171038,-0.00023626674305310402
2026-03-07 17:50:00,1.4041666666666668,1.3896416,1.0638257575757575,1.0631655292077498,0.01452502409617118,0.0006602283680077203
2026-03-07 18:00:00,1.4079166666666667,1.3996865,1.063754716981132,1.0636221116239375,0.00823021094004317,0.00013260535719461508
2026-03-07 18:10:00,1.400833333333334,1.3984097,1.0636742424242425,1.0633242139276469,0.002423609097799373,0.0003500284965956002
2026-03-07 18:20:00,1.4033333333333333,1.3996865,1.0635471698113208,1.0636221116239375,0.0036468776067097863,-7.49418126166912e-05
2026-03-07 18:30:00,1.397916666666667,1.3896416,1.0635416666666666,1.0629271687201733,0.008275024096171313,0.0006144979464932643
2026-03-07 18:40:00,1.4029166666666666,1.3984097,1.0637689393939394,1.0635640783743425,0.004506942431131922,0.0002048610195968248
2026-03-07 18:50:00,1.404583333333333,1.3896416,1.0638446969696969,1.0631655292077498,0.014941690762837467,0.000679167761947097
2026-03-07 19:00:00,1.3970833333333335,1.3896416,1.0635037878787879,1.0631655292077498,0.007441690762837849,0.00033825867103809415
2026-03-07 19:10:00,1.39625,1.3896416,1.063465909090909,1.0631655292077498,0.006608357429504386,0.0003003798831593407
2026-03-07 19:20:00,1.3941666666666668,1.3896416,1.0633712121212122,1.0631655292077498,0.004525024096171171,0.00020568291346245715
2026-03-07 19:30:00,1.3920833333333333,1.3896416,1.0632765151515151,1.0631655292077498,0.002441690762837734,0.00011098594376535154
2026-03-07 19:40:00,1.3900000000000003,1.3984097,1.0631818181818182,1.0635640783743425,-0.008409724235534322,-0.00038226019252429744
2026-03-07 19:50:00,1.3955253623188406,1.3896416,1.0634329710144927,1.0631655292077498,0.0058837197483450066,0.0002674418067429851
2026-03-07 20:00:00,1.3944833333333335,1.3896416,1.0633856060606062,1.0631655292077498,0.0048416907628379136,0.0002200768528564101
2026-03-07 20:10:00,1.3920833333333338,1.387689,1.0635171102661598,1.0630767724730752,0.004394338925679975,0.00044033779308461085
2026-03-07 20:20:00,1.3858333333333335,1.3896416,1.0629924242424242,1.0634057023226082,-0.003808309237162133,-0.0004132780801839875
2026-03-07 20:30:00,1.3912500000000003,1.3896416,1.0632386363636364,1.0631655292077498,0.0016083574295047143,7.310715588659811e-05
2026-03-07 20:40:00,1.3875000000000006,1.3896416,1.0630681818181817,1.0631655292077498,-0.0021416425704949837,-9.734738956801436e-05
2026-03-07 20:50:00,1.3841666666666672,1.3896416,1.0629166666666667,1.0631655292077498,-0.005474975903828394,-0.0002488625410830281
2026-03-07 21:00:00,1.385,1.3766743,1.0629545454545455,1.06257610429417,0.008325705528259286,0.0003784411603755533
2026-03-07 21:10:00,1.3812500000000003,1.3766743,1.0627840909090909,1.06257610429417,0.004575705528259588,0.00020798661492094084
2026-03-07 21:20:00,1.3820833333333336,1.3766743,1.0628219696969696,1.06257610429417,0.00540903886159283,0.00024586540279969427
2026-03-07 21:30:00,1.38,1.3766743,1.0627272727272727,1.06257610429417,0.0033257055282591708,0.0001511684331028107
2026-03-07 21:40:00,1.3850000000000007,1.3766743,1.0629545454545455,1.06257610429417,0.008325705528259952,0.0003784411603755533
2026-03-07 21:50:00,1.3787500000000001,1.3747216,1.0629087452471484,1.0624873475594954,0.004028353691101216,0.00042139768765303565
2026-03-07 22:00:00,1.3891666666666669,1.3766743,1.0631439393939395,1.0628140362496612,0.01249237219492616,0.00032990314427827627
2026-03-07 22:10:00,1.3826086956521737,1.3801858,1.0628458498023716,1.0627357201142744,0.0024228531381356166,0.00011012968809720469
2026-03-07 22:20:00,1.392,1.3766743,1.0632727272727274,1.06257610429417,0.015325705528259181,0.0006966229785574374
2026-03-07 22:30:00,1.3912499999999999,1.3896416,1.0632386363636364,1.0631655292077498,0.0016083574295042702,7.310715588659811e-05
2026-03-07 22:40:00,1.3770833333333334,1.3896416,1.0625946969696969,1.0631655292077498,-0.012558309237162169,-0.0005708322380528763
2026-03-07 22:50:00,1.3779166666666671,1.3766743,1.0626325757575759,1.06257610429417,0.0012423721949264,5.6471463405927125e-05
2026-03-07 23:00:00,1.3800000000000001,1.3766743,1.0627272727272727,1.06257610429417,0.003325705528259393,0.0001511684331028107
2026-03-07 23:10:00,1.383115942028986,1.3766743,1.062868906455863,1.06257610429417,0.0064416475572453,0.00029280216169302875
2026-03-07 23:20:00,1.3788500000000004,1.3766743,1.062675,1.06257610429417,0.0021757055282596305,9.889570583010432e-05
2026-03-07 23:30:00,1.3825000000000003,1.3766743,1.062840909090909,1.06257610429417,0.0058257055282595616,0.000264804796739071
2026-03-07 23:40:00,1.4025,1.3902096,1.06375,1.0631913434375415,0.012290444374084553,0.0005586565624584594
2026-03-07 23:50:00,1.4021195652173915,1.4031769,1.0637327075098815,1.0637807683511213,-0.0010573385072789598,-4.8060841239871976e-05
2026-03-08 00:00:00,1.4006333333333334,1.403699,1.0636651515151516,1.0638045018369502,-0.0030657070795694352,-0.00013935032179857032
2026-03-08 00:10:00,1.3975000000000002,1.4061053,1.0635227272727272,1.063913876360113,-0.008605279922485165,-0.00039114908738580034
2026-03-08 00:20:00,1.387916666666667,1.4031769,1.0630871212121211,1.0637807683511213,-0.0152602370580035,-0.0006936471390002197
2026-03-08 00:30:00,1.3866666666666667,1.3984097,1.063030303030303,1.0635640783743425,-0.011743057568867954,-0.0005337753440395332
2026-03-08 00:40:00,1.3820833333333338,1.3984097,1.0628219696969696,1.0635640783743425,-0.016326390902200894,-0.0007421086773728991
2026-03-08 00:50:00,1.3745833333333335,1.3766743,1.0624810606060606,1.06257610429417,-0.0020909611384072324,-9.504368810930863e-05
2026-03-08 01:00:00,1.3691666666666669,1.3740654,1.0631923076923078,1.0624575181440874,-0.00489873250325501,0.0007347895482203715
2026-03-08 01:10:00,1.3558333333333332,1.3756049,1.0617457305502846,1.0634894554431622,-0.01977153460184744,-0.0017437248928775517
2026-03-08 01:20:00,1.3575,1.3670686,1.0624137931034483,1.0622573957497525,-0.009568648338317942,0.00015639735369576968
2026-03-08 01:30:00,1.346666666666667,1.3518184,1.0638735177865613,1.0621525720618237,-0.005151775677998627,0.001720945724737577
2026-03-08 01:40:00,1.3454166666666665,1.349968,1.0623359073359073,1.0640301007055954,-0.004551289876302267,-0.001694193369688124
2026-03-08 01:50:00,1.3470833333333334,1.3550096,1.06314453125,1.0627803655204626,-0.00792622248331698,0.00036416572953745785
2026-03-08 02:00:00,1.3470833333333334,1.349968,1.0633921568627451,1.0632797479629517,-0.0028846232096353397,0.00011240889979347024
2026-03-08 02:10:00,1.3445833333333335,1.349968,1.0637747035573122,1.0635279038373162,-0.005384623209635286,0.0002467997199959715
2026-03-08 02:20:00,1.3491666666666666,1.349968,1.0642460317460318,1.0640301007055954,-0.0008012898763021248,0.000215931040436379
2026-03-08 02:30:00,1.3387499999999997,1.3494465,1.063498023715415,1.0642593588147844,-0.01069653511047397,-0.0007613350993693757
2026-03-08 02:40:00,1.3370833333333332,1.3481909,1.0636706349206348,1.0639458136125044,-0.011107570330302075,-0.0002751786918695487
2026-03-08 02:50:00,1.3370833333333332,1.3481909,1.0636706349206348,1.0641995668411255,-0.011107570330302075,-0.0005289319204906384
2026-03-08 03:00:00,1.3329166666666667,1.34671,1.0634722222222222,1.064129046031407,-0.013793299992879149,-0.0006568238091848588
2026-03-08 03:10:00,1.330833333333333,1.3347156,1.063373015873016,1.063557885942005,-0.0038822714487714016,-0.00018487006898904035
2026-03-08 03:20:00,1.3212500000000003,1.3268524,1.0629166666666667,1.063183449563526,-0.005602440834045153,-0.00026678289685921897
2026-03-08 03:30:00,1.3216666666666665,1.3238885,1.0629365079365078,1.0630423114413308,-0.0022218736012777907,-0.00010580350482292111
2026-03-08 03:40:00,1.3170833333333332,1.3234134,1.062718253968254,1.0630196843828474,-0.00633003870646176,-0.0003014304145934066
2026-03-08 03:50:00,1.3141666666666667,1.3234134,1.0625793650793651,1.0630196843828474,-0.009246705373128217,-0.0004403193034823172
2026-03-08 04:00:00,1.3095833333333333,1.3234134,1.062361111111111,1.0630196843828474,-0.0138300387064616,-0.0006585732717363513
2026-03-08 04:10:00,1.3025000000000002,1.3106207,1.0620238095238095,1.0624105078833443,-0.00812066555023172,-0.000386698359534865
2026-03-08 04:20:00,1.3,1.3027533,1.061904761904762,1.0620358728227162,-0.00275332927703853,-0.000131110917954258
2026-03-08 04:30:00,1.3004166666666663,1.3106459,1.0619246031746032,1.0624117113295055,-0.010229271252950367,-0.00048710815490227155
2026-03-08 04:40:00,1.2954166666666667,1.3034583,1.0616865079365079,1.0620694444293068,-0.008041666348775234,-0.0003829364927989687
2026-03-08 04:50:00,1.2991666666666668,1.307026,1.0618650793650795,1.062239334696815,-0.007859361966450873,-0.00037425533173562897
2026-03-08 05:00:00,1.2825,1.3122286,1.0610714285714287,1.062487074307033,-0.029728560447692898,-0.001415645735604265
2026-03-08 05:10:00,1.289166666666667,1.2942674,1.0622535211267605,1.061631781714303,-0.005100749333699195,0.0006217394124574671
2026-03-08 05:20:00,1.2954166666666667,1.2975508,1.0616865079365079,1.0626583886098573,-0.002134130795796718,-0.0009718806733494123
2026-03-08 05:30:00,1.2804166666666665,1.2904925,1.0612151394422311,1.0614520254589261,-0.010075867970784635,-0.00023688601669502596
2026-03-08 05:40:00,1.305,1.3016849,1.0640490797546012,1.0622319453266038,0.003315143585205016,0.0018171344279973578
2026-03-08 05:50:00,1.27875,1.2956951,1.0639375,1.063592395899486,-0.016945066452026314,0.0003451041005140265
2026-03-08 06:00:00,1.2666666666666668,1.279846,1.0633333333333332,1.0639922976493836,-0.013179286321004069,-0.0006589643160503922
2026-03-08 06:10:00,1.2770833333333336,1.2841201,1.0638541666666668,1.0642060041427612,-0.007036749521891039,-0.00035183747609446314
2026-03-08 06:20:00,1.2945833333333332,1.2949724,1.0647291666666667,1.0647486209869386,-0.0003890864054363341,-1.945432027183891e-05
2026-03-08 06:30:00,1.322083333333333,1.307026,1.0661041666666666,1.0653513014316558,0.01505730470021538,0.0007528652350108356
2026-03-08 06:40:00,1.3191666666666668,1.3289162,1.0659583333333333,1.0664458096027374,-0.009749525388081715,-0.0004874762694040413
2026-03-08 06:50:00,1.27875,1.3139381,1.0639375,1.065696907043457,-0.03518814086914057,-0.0017594070434570064
2026-03-08 07:00:00,1.2783333333333329,1.2942674,1.0639166666666666,1.0647133708000183,-0.015934082667033334,-0.0007967041333516445
2026-03-08 07:10:00,1.2900000000000003,1.3064194,1.0645,1.0653209686279297,-0.016419372558593492,-0.0008209686279296857
2026-03-08 07:20:00,1.315,1.31482,1.06575,1.0657410025596619,0.00017994880676264202,8.997440338109897e-06
2026-03-08 07:30:00,1.3095833333333333,1.3315929,1.0654791666666668,1.0665796458721162,-0.022009584108988456,-0.0011004792054494228
2026-03-08 07:40:00,1.3145833333333332,1.3278899,1.0657291666666666,1.0663944959640503,-0.013306585947672644,-0.000665329297383721
2026-03-08 07:50:00,1.3116666666666665,1.3260901,1.0655833333333333,1.0663045048713684,-0.014423430760701628,-0.0007211715380350814
2026-03-08 08:00:00,1.2979166666666666,1.3200959,1.0648958333333334,1.0660047948360443,-0.022179230054219623,-0.0011089615027108923
2026-03-08 08:10:00,1.3133333333333335,1.3200226,1.0656666666666668,1.0660011291503906,-0.006689249674479036,-0.0003344624837238186
2026-03-08 08:20:00,1.3145833333333337,1.3336505,1.0657291666666666,1.0666825234889985,-0.019067136446634603,-0.0009533568223318856
2026-03-08 08:30:00,1.4270833333333335,1.3276191,1.0713541666666666,1.0663809537887574,0.099464257558187,0.004973212877909194
2026-03-08 08:40:00,2.19,1.9887934,1.1095,1.0994396686553956,0.2012066268920898,0.010060331344604379
2026-03-08 08:50:00,1.3049999999999997,1.4419208,1.06525,1.072096037864685,-0.13692075729370146,-0.006846037864685073
2026-03-08 09:00:00,1.2979166666666666,1.3149053,1.0648958333333334,1.0657452642917633,-0.016988619168599506,-0.0008494309584299309
2026-03-08 09:10:00,1.305416666666667,1.3200226,1.0652708333333334,1.0660011291503906,-0.014605916341145608,-0.0007302958170571916
2026-03-08 09:20:00,1.30375,1.3122286,1.0651875,1.0656114280223847,-0.008478560447692907,-0.00042392802238477856
2026-03-08 09:30:00,1.30625,1.3177314,1.0653125,1.0658865690231323,-0.011481380462646573,-0.0005740690231321732
2026-03-08 09:40:00,1.3254166666666665,1.3278899,1.0662708333333333,1.0663944959640503,-0.002473252614339394,-0.00012366263071705852
2026-03-08 09:50:00,1.333333333333333,1.3169712,1.0666666666666667,1.065848559141159,0.016362150510151885,0.0008181075255075942
2026-03-08 10:00:00,1.310416666666667,1.396344,1.0655208333333333,1.0698171973228454,-0.08592727979024217,-0.004296363989512164
2026-03-08 10:10:00,1.3154166666666665,1.3180381,1.0657708333333333,1.065901905298233,-0.002621439297994188,-0.0001310719648996983
2026-03-08 10:20:00,1.32,1.3213556,1.066,1.0660677790641784,-0.0013555812835692738,-6.777906417831936e-05
2026-03-08 10:30:00,1.3204166666666666,1.3139381,1.0656107660455487,1.065696907043457,0.006478525797525947,-8.614099790826835e-05
2026-03-08 10:40:00,1.3120833333333335,1.3308489,1.0656041666666667,1.06612913949149,-0.01876559893290186,-0.0005249728248233332
2026-03-08 10:50:00,1.30375,1.3106207,1.0647826086956522,1.0655310332775116,-0.006870665550231969,-0.0007484245818594193
2026-03-08 11:00:00,1.32125,1.3101708,1.065925155925156,1.0651016531523712,0.01107923030853275,0.0008235027727847566
2026-03-08 11:10:00,1.3120833333333335,1.3146431,1.0650619834710744,1.065595499938838,-0.002559811274210455,-0.0005335164677635618
2026-03-08 11:20:00,1.3024999999999998,1.3106207,1.065125,1.0649894544900942,-0.008120665550232165,0.00013554550990590997
2026-03-08 11:30:00,1.3099999999999998,1.3027533,1.0655,1.0651376664638519,0.007246670722961257,0.00036233353614800734
2026-03-08 11:40:00,1.3033333333333332,1.3113257,1.0651666666666666,1.0655662834644317,-0.007992335955302021,-0.00039961679776512327
2026-03-08 11:50:00,1.2616666666666667,1.2883319,1.0630833333333334,1.0644165933132173,-0.026665199597676548,-0.0013332599798838718
2026-03-08 12:00:00,1.2420833333333334,1.268828,1.0621041666666666,1.063441401720047,-0.026744701067606513,-0.001337235053380459
2026-03-08 12:10:00,1.23,1.2546209,1.0615,1.062731045484543,-0.02462090969085695,-0.001231045484542781
2026-03-08 12:20:00,1.2299999999999998,1.2546209,1.0611180124223603,1.062731045484543,-0.024620909690857173,-0.0016130330621826339
2026-03-08 12:30:00,1.2204166666666667,1.2515868,1.0610208333333333,1.0621906481914638,-0.031170128186543744,-0.0011698148581305023
2026-03-08 12:40:00,1.2275,1.2546209,1.061375,1.062731045484543,-0.027120909690856898,-0.0013560454845429337
2026-03-08 12:50:00,1.2233333333333332,1.2515868,1.0611666666666666,1.0625793397426606,-0.028253461519877288,-0.0014126730759940198
2026-03-08 13:00:00,1.2262499999999996,1.2546209,1.0613124999999999,1.062731045484543,-0.028370909690857316,-0.00141854548454301
2026-03-08 13:10:00,1.226159420289855,1.2546209,1.0610535810932709,1.062731045484543,-0.028461489401002016,-0.0016774643912720322
2026-03-08 13:20:00,1.2170833333333333,1.2546209,1.0608541666666667,1.062470750690001,-0.03753757635752364,-0.001616584023334422
2026-03-08 13:30:00,1.2158333333333333,1.2546209,1.0607916666666666,1.062731045484543,-0.03878757635752361,-0.0019393788178763138
2026-03-08 13:40:00,1.2170833333333333,1.2515868,1.0608541666666667,1.0625793397426606,-0.034503461519877154,-0.0017251730759939576
2026-03-08 13:50:00,1.2166666666666666,1.2546209,1.0608333333333333,1.062731045484543,-0.03795424302419037,-0.0018977121512095962
2026-03-08 14:00:00,1.2070833333333335,1.2546209,1.0603541666666667,1.062731045484543,-0.047537576357523426,-0.0023768788178761824
2026-03-08 14:10:00,1.222735507246377,1.2546209,1.0611367753623189,1.062731045484543,-0.031885402444479904,-0.0015942701222240174
2026-03-08 14:20:00,1.2128499999999998,1.2546209,1.0606425,1.062731045484543,-0.04177090969085717,-0.0020885454845429585
2026-03-08 14:30:00,1.22625,1.2546209,1.0613125,1.062731045484543,-0.02837090969085687,-0.001418545484542788
2026-03-08 14:40:00,1.2333333333333334,1.2515868,1.0616666666666668,1.0625793397426606,-0.018253461519877057,-0.0009126730759938528
2026-03-08 14:50:00,1.2879166666666666,1.2769712,1.0620682730923694,1.0638485610485078,0.01094544569651279,-0.0017802879561383822
2026-03-08 15:00:00,1.3733333333333333,1.3334017,1.062661596958175,1.0642603219273579,0.039931653340657514,-0.0015987249691828964
2026-03-08 15:10:00,1.3966666666666665,1.3742465,1.063726235741445,1.0627032613572966,0.02242018858591699,0.001022974384148334
2026-03-08 15:20:00,1.405,1.3872138,1.064106463878327,1.0632949274302435,0.017786173820495632,0.0008115364480836273
2026-03-08 15:30:00,1.40375,1.3985271,1.063806818181818,1.0638111245042925,0.005222854614257866,-4.306322474390001e-06
2026-03-08 15:40:00,1.405,1.3985271,1.0638636363636365,1.0635694156993518,0.006472854614257839,0.000294220664284639
2026-03-08 15:50:00,1.40875,1.3985271,1.0640340909090908,1.0635694156993518,0.01022285461425776,0.0004646752097390294
2026-03-08 16:00:00,1.4120833333333334,1.3985271,1.064185606060606,1.0635694156993518,0.01355618794759117,0.0006161903612542652
2026-03-08 16:10:00,1.4200000000000002,1.4047704,1.0645454545454545,1.0638531988317317,0.015229625701904448,0.0006922557137227781
2026-03-08 16:20:00,1.4150000000000003,1.4065092,1.064318181818182,1.0639322345907039,0.00849083900451686,0.0003859472274780895
2026-03-08 16:30:00,1.4112500000000003,1.4000032,1.0641477272727273,1.0636365088549526,0.011246805191040377,0.0005112184177746837
2026-03-08 16:40:00,1.415416666666667,1.4004617,1.0643371212121213,1.0636573488062078,0.014954992930094724,0.0006797724059135479
2026-03-08 16:50:00,1.4233333333333333,1.3989338,1.0648197343453512,1.0635878985578364,0.024399565060933437,0.0012318357875147345
2026-03-08 17:00:00,1.4095833333333336,1.4045061,1.0641935483870968,1.0639623265565008,0.005077246030172011,0.00023122183059598456
2026-03-08 17:10:00,1.4129166666666666,1.3970497,1.064467680608365,1.063622755162856,0.015867001215616794,0.0008449254455089594
2026-03-08 17:20:00,1.4133333333333333,1.4004617,1.0642424242424242,1.0638993919575623,0.012871659596761065,0.0003430322848618772
2026-03-08 17:30:00,1.4087500000000004,1.4052455,1.0640340909090908,1.0638747973875566,0.0035044574737552736,0.0001592935215342095
2026-03-08 17:40:00,1.4070833333333332,1.4032943,1.0639583333333333,1.0637861056761309,0.003789008458455312,0.0001722276572024839
2026-03-08 17:50:00,1.4054166666666668,1.4013417,1.064247619047619,1.0636973489414563,0.004074989954630626,0.0005502701061628201
2026-03-08 18:00:00,1.4060144927536236,1.4032943,1.0639097496706194,1.064150597708566,0.0027201678787456274,-0.00024084803794655052
2026-03-08 18:10:00,1.4056000000000002,1.4066979,1.063890909090909,1.0639408122409473,-0.0010978693008421025,-4.990315003827739e-05
2026-03-08 18:20:00,1.4108333333333334,1.4062227,1.064128787878788,1.0639192136851223,0.004610632260640513,0.00020957419366562924
2026-03-08 18:30:00,1.4104166666666673,1.4079579,1.0641098484848486,1.0639980868859724,0.002458755175273275,0.00011176159887615889
2026-03-08 18:40:00,1.40625,1.4047704,1.0639204545454546,1.0638531988317317,0.0014796257019042969,6.72557137229024e-05
2026-03-08 18:50:00,1.4004166666666666,1.4042916,1.063655303030303,1.0638314377177844,-0.0038749631245931226,-0.0001761346874813441
2026-03-08 19:00:00,1.4026630434782612,1.4038165,1.0637574110671937,1.0638098391619595,-0.0011534180848491449,-5.242809476579957e-05
2026-03-08 19:10:00,1.4053000000000002,1.406957,1.0638772727272727,1.0639525922861965,-0.001657030296325468,-7.531955892381426e-05
2026-03-08 19:20:00,1.4100000000000001,1.4055456,1.0643346007604564,1.063888436014002,0.0044544076919557085,0.00044616474645442494
2026-03-08 19:30:00,1.4070833333333332,1.4079579,1.0639583333333333,1.0642414256193793,-0.0008745781580608014,-0.0002830922860459495
2026-03-08 19:40:00,1.404583333333333,1.406957,1.0638446969696969,1.0639525922861965,-0.002373696962992611,-0.00010789531649968431
2026-03-08 19:50:00,1.4154166666666668,1.4082756,1.0643371212121213,1.0640125274658203,0.007141062418619892,0.0003245937463010051
2026-03-08 20:00:00,1.4141666666666668,1.4052925,1.064280303030303,1.0638769323175603,0.008874155680338669,0.0004033707127426567
2026-03-08 20:10:00,1.4187500000000002,1.4076988,1.0644886363636363,1.0639863068407232,0.011051249504089533,0.0005023295229131808
2026-03-08 20:20:00,1.4233333333333333,1.4103427,1.0646969696969697,1.0641064860604026,0.012990640004475917,0.0005904836365671073
2026-03-08 20:30:00,1.4258333333333333,1.4108648,1.064810606060606,1.0641302195462314,0.014968503316243442,0.0006803865143745202
2026-03-08 20:40:00,1.4198913043478258,1.4147277,1.064540513833992,1.0643058039925315,0.005163616512132485,0.0002347098414605675
2026-03-08 20:50:00,1.4334166666666668,1.4145466,1.065155303030303,1.0642975731329485,0.01887005774180106,0.0008577298973544423
2026-03-08 21:00:00,1.4266666666666667,1.4202522,1.064848484848485,1.0645569183609702,0.006414462725321535,0.00029156648751471614
2026-03-08 21:10:00,1.4262500000000002,1.415528,1.0648295454545456,1.0643421845002607,0.010721940994262935,0.0004873609542848101
2026-03-08 21:20:00,1.4220833333333336,1.4149868,1.0646401515151516,1.0643175840377808,0.00709648450215683,0.0003225674773708054
2026-03-08 21:30:00,1.4175,1.4108179,1.0644318181818182,1.0641280846162275,0.006682138442993146,0.0003037335655906581
2026-03-08 21:40:00,1.41875,1.4103427,1.0644886363636363,1.0641064860604026,0.008407306671142534,0.00038215030323374144
2026-03-08 21:50:00,1.4269021739130434,1.4103427,1.0648591897233202,1.0641064860604026,0.016559480584185993,0.0007527036629175754
2026-03-08 22:00:00,1.4298333333333333,1.4117993,1.0649924242424242,1.06417269598354,0.01803402169545487,0.0008197282588842114
2026-03-08 22:10:00,1.4216666666666664,1.417799,1.0646212121212122,1.0644454089078037,0.0038676706949867246,0.00017580321340848748
2026-03-08 22:20:00,1.425833333333333,1.4108179,1.064810606060606,1.0641280846162275,0.015015471776326228,0.0006825214443784144
2026-03-08 22:30:00,1.417083333333333,1.4074906,1.0644128787878788,1.0639768459580161,0.009592722256978048,0.0004360328298627092
2026-03-08 22:40:00,1.4116666666666666,1.4065092,1.0641666666666667,1.0639322345907039,0.005157505671183227,0.00023443207596285376
2026-03-08 22:50:00,1.41375,1.4047704,1.0642613636363636,1.0638531988317317,0.008979625701904359,0.0004081648046319053
2026-03-08 23:00:00,1.416666666666667,1.4052455,1.0643939393939394,1.0638747973875566,0.011421124140421846,0.0005191420063828112
2026-03-08 23:10:00,1.412916666666667,1.4052455,1.0642234848484848,1.0638747973875566,0.0076711241404219255,0.0003486874609281987
2026-03-08 23:20:00,1.4108333333333332,1.4004784,1.064128787878788,1.0636581074107776,0.010354970296223787,0.0004706804680103538
2026-03-08 23:30:00,1.4112500000000001,1.4004784,1.0641477272727273,1.0636581074107776,0.01077163696289074,0.0004896198619497305
2026-03-08 23:40:00,1.4079166666666665,1.3998858,1.063996212121212,1.0636311715299434,0.008030893007914042,0.00036504059126873933
2026-03-08 23:50:00,1.41,1.3988682,1.064090909090909,1.0635849183255977,0.011131796836852947,0.000505990765311326
2026-03-09 00:00:00,1.40125,1.3911177,1.0636931818181818,1.0632326223633506,0.010132308006286728,0.00046055945483125527
